# stage: dependency-eigen-install
# command: C:\Users\ZBY\Desktop\YYZ\GNCSIMZMKN\build\legacy-reproduction\runs\r0-leg-001-20260810-07\deps\w64devkit-extracted\w64devkit\bin\cmake.exe --build C:\Users\ZBY\Desktop\YYZ\GNCSIMZMKN\build\legacy-reproduction\runs\r0-leg-001-20260810-07\deps\eigen-build --target install
# working_directory: C:\Users\ZBY\Desktop\YYZ\GNCSIMZMKN\build\legacy-reproduction\runs\r0-leg-001-20260810-07
# started_utc: 2026-08-10T05:17:02.7697244+00:00
# elapsed_seconds: 0.599
# exit_code: 0

[0/1] Install the project...
-- Install configuration: "Release"
-- Installing: C:/Users/ZBY/Desktop/YYZ/GNCSIMZMKN/build/legacy-reproduction/runs/r0-leg-001-20260810-07/deps/eigen-install/include/eigen3/signature_of_eigen3_matrix_library
-- Installing: C:/Users/ZBY/Desktop/YYZ/GNCSIMZMKN/build/legacy-reproduction/runs/r0-leg-001-20260810-07/deps/eigen-install/include/eigen3/Eigen
-- Installing: C:/Users/ZBY/Desktop/YYZ/GNCSIMZMKN/build/legacy-reproduction/runs/r0-leg-001-20260810-07/deps/eigen-install/include/eigen3/Eigen/Cholesky
-- Installing: C:/Users/ZBY/Desktop/YYZ/GNCSIMZMKN/build/legacy-reproduction/runs/r0-leg-001-20260810-07/deps/eigen-install/include/eigen3/Eigen/CholmodSupport
-- Installing: C:/Users/ZBY/Desktop/YYZ/GNCSIMZMKN/build/legacy-reproduction/runs/r0-leg-001-20260810-07/deps/eigen-install/include/eigen3/Eigen/Core
-- Installing: C:/Users/ZBY/Desktop/YYZ/GNCSIMZMKN/build/legacy-reproduction/runs/r0-leg-001-20260810-07/deps/eigen-install/include/eigen3/Eigen/Dense
-- Installing: C:/Users/ZBY/Desktop/YYZ/GNCSIMZMKN/build/legacy-reproduction/runs/r0-leg-001-20260810-07/deps/eigen-install/include/eigen3/Eigen/Eigen
-- Installing: C:/Users/ZBY/Desktop/YYZ/GNCSIMZMKN/build/legacy-reproduction/runs/r0-leg-001-20260810-07/deps/eigen-install/include/eigen3/Eigen/Eigenvalues
-- Installing: C:/Users/ZBY/Desktop/YYZ/GNCSIMZMKN/build/legacy-reproduction/runs/r0-leg-001-20260810-07/deps/eigen-install/include/eigen3/Eigen/Geometry
-- Installing: C:/Users/ZBY/Desktop/YYZ/GNCSIMZMKN/build/legacy-reproduction/runs/r0-leg-001-20260810-07/deps/eigen-install/include/eigen3/Eigen/Householder
-- Installing: C:/Users/ZBY/Desktop/YYZ/GNCSIMZMKN/build/legacy-reproduction/runs/r0-leg-001-20260810-07/deps/eigen-install/include/eigen3/Eigen/IterativeLinearSolvers
-- Installing: C:/Users/ZBY/Desktop/YYZ/GNCSIMZMKN/build/legacy-reproduction/runs/r0-leg-001-20260810-07/deps/eigen-install/include/eigen3/Eigen/Jacobi
-- Installing: C:/Users/ZBY/Desktop/YYZ/GNCSIMZMKN/build/legacy-reproduction/runs/r0-leg-001-20260810-07/deps/eigen-install/include/eigen3/Eigen/KLUSupport
-- Installing: C:/Users/ZBY/Desktop/YYZ/GNCSIMZMKN/build/legacy-reproduction/runs/r0-leg-001-20260810-07/deps/eigen-install/include/eigen3/Eigen/LU
-- Installing: C:/Users/ZBY/Desktop/YYZ/GNCSIMZMKN/build/legacy-reproduction/runs/r0-leg-001-20260810-07/deps/eigen-install/include/eigen3/Eigen/MetisSupport
-- Installing: C:/Users/ZBY/Desktop/YYZ/GNCSIMZMKN/build/legacy-reproduction/runs/r0-leg-001-20260810-07/deps/eigen-install/include/eigen3/Eigen/OrderingMethods
-- Installing: C:/Users/ZBY/Desktop/YYZ/GNCSIMZMKN/build/legacy-reproduction/runs/r0-leg-001-20260810-07/deps/eigen-install/include/eigen3/Eigen/PardisoSupport
-- Installing: C:/Users/ZBY/Desktop/YYZ/GNCSIMZMKN/build/legacy-reproduction/runs/r0-leg-001-20260810-07/deps/eigen-install/include/eigen3/Eigen/PaStiXSupport
-- Installing: C:/Users/ZBY/Desktop/YYZ/GNCSIMZMKN/build/legacy-reproduction/runs/r0-leg-001-20260810-07/deps/eigen-install/include/eigen3/Eigen/QR
-- Installing: C:/Users/ZBY/Desktop/YYZ/GNCSIMZMKN/build/legacy-reproduction/runs/r0-leg-001-20260810-07/deps/eigen-install/include/eigen3/Eigen/QtAlignedMalloc
-- Installing: C:/Users/ZBY/Desktop/YYZ/GNCSIMZMKN/build/legacy-reproduction/runs/r0-leg-001-20260810-07/deps/eigen-install/include/eigen3/Eigen/Sparse
-- Installing: C:/Users/ZBY/Desktop/YYZ/GNCSIMZMKN/build/legacy-reproduction/runs/r0-leg-001-20260810-07/deps/eigen-install/include/eigen3/Eigen/SparseCholesky
-- Installing: C:/Users/ZBY/Desktop/YYZ/GNCSIMZMKN/build/legacy-reproduction/runs/r0-leg-001-20260810-07/deps/eigen-install/include/eigen3/Eigen/SparseCore
-- Installing: C:/Users/ZBY/Desktop/YYZ/GNCSIMZMKN/build/legacy-reproduction/runs/r0-leg-001-20260810-07/deps/eigen-install/include/eigen3/Eigen/SparseLU
-- Installing: C:/Users/ZBY/Desktop/YYZ/GNCSIMZMKN/build/legacy-reproduction/runs/r0-leg-001-20260810-07/deps/eigen-install/include/eigen3/Eigen/SparseQR
-- Installing: C:/Users/ZBY/Desktop/YYZ/GNCSIMZMKN/build/legacy-reproduction/runs/r0-leg-001-20260810-07/deps/eigen-install/include/eigen3/Eigen/SPQRSupport
-- Installing: C:/Users/ZBY/Desktop/YYZ/GNCSIMZMKN/build/legacy-reproduction/runs/r0-leg-001-20260810-07/deps/eigen-install/include/eigen3/Eigen/src
-- Installing: C:/Users/ZBY/Desktop/YYZ/GNCSIMZMKN/build/legacy-reproduction/runs/r0-leg-001-20260810-07/deps/eigen-install/include/eigen3/Eigen/src/Cholesky
-- Installing: C:/Users/ZBY/Desktop/YYZ/GNCSIMZMKN/build/legacy-reproduction/runs/r0-leg-001-20260810-07/deps/eigen-install/include/eigen3/Eigen/src/Cholesky/LDLT.h
-- Installing: C:/Users/ZBY/Desktop/YYZ/GNCSIMZMKN/build/legacy-reproduction/runs/r0-leg-001-20260810-07/deps/eigen-install/include/eigen3/Eigen/src/Cholesky/LLT.h
-- Installing: C:/Users/ZBY/Desktop/YYZ/GNCSIMZMKN/build/legacy-reproduction/runs/r0-leg-001-20260810-07/deps/eigen-install/include/eigen3/Eigen/src/Cholesky/LLT_LAPACKE.h
-- Installing: C:/Users/ZBY/Desktop/YYZ/GNCSIMZMKN/build/legacy-reproduction/runs/r0-leg-001-20260810-07/deps/eigen-install/include/eigen3/Eigen/src/CholmodSupport
-- Installing: C:/Users/ZBY/Desktop/YYZ/GNCSIMZMKN/build/legacy-reproduction/runs/r0-leg-001-20260810-07/deps/eigen-install/include/eigen3/Eigen/src/CholmodSupport/CholmodSupport.h
-- Installing: C:/Users/ZBY/Desktop/YYZ/GNCSIMZMKN/build/legacy-reproduction/runs/r0-leg-001-20260810-07/deps/eigen-install/include/eigen3/Eigen/src/Core
-- Installing: C:/Users/ZBY/Desktop/YYZ/GNCSIMZMKN/build/legacy-reproduction/runs/r0-leg-001-20260810-07/deps/eigen-install/include/eigen3/Eigen/src/Core/arch
-- Installing: C:/Users/ZBY/Desktop/YYZ/GNCSIMZMKN/build/legacy-reproduction/runs/r0-leg-001-20260810-07/deps/eigen-install/include/eigen3/Eigen/src/Core/arch/AltiVec
-- Installing: C:/Users/ZBY/Desktop/YYZ/GNCSIMZMKN/build/legacy-reproduction/runs/r0-leg-001-20260810-07/deps/eigen-install/include/eigen3/Eigen/src/Core/arch/AltiVec/Complex.h
-- Installing: C:/Users/ZBY/Desktop/YYZ/GNCSIMZMKN/build/legacy-reproduction/runs/r0-leg-001-20260810-07/deps/eigen-install/include/eigen3/Eigen/src/Core/arch/AltiVec/MathFunctions.h
-- Installing: C:/Users/ZBY/Desktop/YYZ/GNCSIMZMKN/build/legacy-reproduction/runs/r0-leg-001-20260810-07/deps/eigen-install/include/eigen3/Eigen/src/Core/arch/AltiVec/MatrixProduct.h
-- Installing: C:/Users/ZBY/Desktop/YYZ/GNCSIMZMKN/build/legacy-reproduction/runs/r0-leg-001-20260810-07/deps/eigen-install/include/eigen3/Eigen/src/Core/arch/AltiVec/MatrixProductCommon.h
-- Installing: C:/Users/ZBY/Desktop/YYZ/GNCSIMZMKN/build/legacy-reproduction/runs/r0-leg-001-20260810-07/deps/eigen-install/include/eigen3/Eigen/src/Core/arch/AltiVec/MatrixProductMMA.h
-- Installing: C:/Users/ZBY/Desktop/YYZ/GNCSIMZMKN/build/legacy-reproduction/runs/r0-leg-001-20260810-07/deps/eigen-install/include/eigen3/Eigen/src/Core/arch/AltiVec/PacketMath.h
-- Installing: C:/Users/ZBY/Desktop/YYZ/GNCSIMZMKN/build/legacy-reproduction/runs/r0-leg-001-20260810-07/deps/eigen-install/include/eigen3/Eigen/src/Core/arch/AVX
-- Installing: C:/Users/ZBY/Desktop/YYZ/GNCSIMZMKN/build/legacy-reproduction/runs/r0-leg-001-20260810-07/deps/eigen-install/include/eigen3/Eigen/src/Core/arch/AVX/Complex.h
-- Installing: C:/Users/ZBY/Desktop/YYZ/GNCSIMZMKN/build/legacy-reproduction/runs/r0-leg-001-20260810-07/deps/eigen-install/include/eigen3/Eigen/src/Core/arch/AVX/MathFunctions.h
-- Installing: C:/Users/ZBY/Desktop/YYZ/GNCSIMZMKN/build/legacy-reproduction/runs/r0-leg-001-20260810-07/deps/eigen-install/include/eigen3/Eigen/src/Core/arch/AVX/PacketMath.h
-- Installing: C:/Users/ZBY/Desktop/YYZ/GNCSIMZMKN/build/legacy-reproduction/runs/r0-leg-001-20260810-07/deps/eigen-install/include/eigen3/Eigen/src/Core/arch/AVX/TypeCasting.h
-- Installing: C:/Users/ZBY/Desktop/YYZ/GNCSIMZMKN/build/legacy-reproduction/runs/r0-leg-001-20260810-07/deps/eigen-install/include/eigen3/Eigen/src/Core/arch/AVX512
-- Installing: C:/Users/ZBY/Desktop/YYZ/GNCSIMZMKN/build/legacy-reproduction/runs/r0-leg-001-20260810-07/deps/eigen-install/include/eigen3/Eigen/src/Core/arch/AVX512/Complex.h
-- Installing: C:/Users/ZBY/Desktop/YYZ/GNCSIMZMKN/build/legacy-reproduction/runs/r0-leg-001-20260810-07/deps/eigen-install/include/eigen3/Eigen/src/Core/arch/AVX512/MathFunctions.h
-- Installing: C:/Users/ZBY/Desktop/YYZ/GNCSIMZMKN/build/legacy-reproduction/runs/r0-leg-001-20260810-07/deps/eigen-install/include/eigen3/Eigen/src/Core/arch/AVX512/PacketMath.h
-- Installing: C:/Users/ZBY/Desktop/YYZ/GNCSIMZMKN/build/legacy-reproduction/runs/r0-leg-001-20260810-07/deps/eigen-install/include/eigen3/Eigen/src/Core/arch/AVX512/TypeCasting.h
-- Installing: C:/Users/ZBY/Desktop/YYZ/GNCSIMZMKN/build/legacy-reproduction/runs/r0-leg-001-20260810-07/deps/eigen-install/include/eigen3/Eigen/src/Core/arch/CUDA
-- Installing: C:/Users/ZBY/Desktop/YYZ/GNCSIMZMKN/build/legacy-reproduction/runs/r0-leg-001-20260810-07/deps/eigen-install/include/eigen3/Eigen/src/Core/arch/CUDA/Complex.h
-- Installing: C:/Users/ZBY/Desktop/YYZ/GNCSIMZMKN/build/legacy-reproduction/runs/r0-leg-001-20260810-07/deps/eigen-install/include/eigen3/Eigen/src/Core/arch/Default
-- Installing: C:/Users/ZBY/Desktop/YYZ/GNCSIMZMKN/build/legacy-reproduction/runs/r0-leg-001-20260810-07/deps/eigen-install/include/eigen3/Eigen/src/Core/arch/Default/BFloat16.h
-- Installing: C:/Users/ZBY/Desktop/YYZ/GNCSIMZMKN/build/legacy-reproduction/runs/r0-leg-001-20260810-07/deps/eigen-install/include/eigen3/Eigen/src/Core/arch/Default/ConjHelper.h
-- Installing: C:/Users/ZBY/Desktop/YYZ/GNCSIMZMKN/build/legacy-reproduction/runs/r0-leg-001-20260810-07/deps/eigen-install/include/eigen3/Eigen/src/Core/arch/Default/GenericPacketMathFunctions.h
-- Installing: C:/Users/ZBY/Desktop/YYZ/GNCSIMZMKN/build/legacy-reproduction/runs/r0-leg-001-20260810-07/deps/eigen-install/include/eigen3/Eigen/src/Core/arch/Default/GenericPacketMathFunctionsFwd.h
-- Installing: C:/Users/ZBY/Desktop/YYZ/GNCSIMZMKN/build/legacy-reproduction/runs/r0-leg-001-20260810-07/deps/eigen-install/include/eigen3/Eigen/src/Core/arch/Default/Half.h
-- Installing: C:/Users/ZBY/Desktop/YYZ/GNCSIMZMKN/build/legacy-reproduction/runs/r0-leg-001-20260810-07/deps/eigen-install/include/eigen3/Eigen/src/Core/arch/Default/Settings.h
-- Installing: C:/Users/ZBY/Desktop/YYZ/GNCSIMZMKN/build/legacy-reproduction/runs/r0-leg-001-20260810-07/deps/eigen-install/include/eigen3/Eigen/src/Core/arch/Default/TypeCasting.h
-- Installing: C:/Users/ZBY/Desktop/YYZ/GNCSIMZMKN/build/legacy-reproduction/runs/r0-leg-001-20260810-07/deps/eigen-install/include/eigen3/Eigen/src/Core/arch/GPU
-- Installing: C:/Users/ZBY/Desktop/YYZ/GNCSIMZMKN/build/legacy-reproduction/runs/r0-leg-001-20260810-07/deps/eigen-install/include/eigen3/Eigen/src/Core/arch/GPU/MathFunctions.h
-- Installing: C:/Users/ZBY/Desktop/YYZ/GNCSIMZMKN/build/legacy-reproduction/runs/r0-leg-001-20260810-07/deps/eigen-install/include/eigen3/Eigen/src/Core/arch/GPU/PacketMath.h
-- Installing: C:/Users/ZBY/Desktop/YYZ/GNCSIMZMKN/build/legacy-reproduction/runs/r0-leg-001-20260810-07/deps/eigen-install/include/eigen3/Eigen/src/Core/arch/GPU/TypeCasting.h
-- Installing: C:/Users/ZBY/Desktop/YYZ/GNCSIMZMKN/build/legacy-reproduction/runs/r0-leg-001-20260810-07/deps/eigen-install/include/eigen3/Eigen/src/Core/arch/HIP
-- Installing: C:/Users/ZBY/Desktop/YYZ/GNCSIMZMKN/build/legacy-reproduction/runs/r0-leg-001-20260810-07/deps/eigen-install/include/eigen3/Eigen/src/Core/arch/HIP/hcc
-- Installing: C:/Users/ZBY/Desktop/YYZ/GNCSIMZMKN/build/legacy-reproduction/runs/r0-leg-001-20260810-07/deps/eigen-install/include/eigen3/Eigen/src/Core/arch/HIP/hcc/math_constants.h
-- Installing: C:/Users/ZBY/Desktop/YYZ/GNCSIMZMKN/build/legacy-reproduction/runs/r0-leg-001-20260810-07/deps/eigen-install/include/eigen3/Eigen/src/Core/arch/MSA
-- Installing: C:/Users/ZBY/Desktop/YYZ/GNCSIMZMKN/build/legacy-reproduction/runs/r0-leg-001-20260810-07/deps/eigen-install/include/eigen3/Eigen/src/Core/arch/MSA/Complex.h
-- Installing: C:/Users/ZBY/Desktop/YYZ/GNCSIMZMKN/build/legacy-reproduction/runs/r0-leg-001-20260810-07/deps/eigen-install/include/eigen3/Eigen/src/Core/arch/MSA/MathFunctions.h
-- Installing: C:/Users/ZBY/Desktop/YYZ/GNCSIMZMKN/build/legacy-reproduction/runs/r0-leg-001-20260810-07/deps/eigen-install/include/eigen3/Eigen/src/Core/arch/MSA/PacketMath.h
-- Installing: C:/Users/ZBY/Desktop/YYZ/GNCSIMZMKN/build/legacy-reproduction/runs/r0-leg-001-20260810-07/deps/eigen-install/include/eigen3/Eigen/src/Core/arch/NEON
-- Installing: C:/Users/ZBY/Desktop/YYZ/GNCSIMZMKN/build/legacy-reproduction/runs/r0-leg-001-20260810-07/deps/eigen-install/include/eigen3/Eigen/src/Core/arch/NEON/Complex.h
-- Installing: C:/Users/ZBY/Desktop/YYZ/GNCSIMZMKN/build/legacy-reproduction/runs/r0-leg-001-20260810-07/deps/eigen-install/include/eigen3/Eigen/src/Core/arch/NEON/GeneralBlockPanelKernel.h
-- Installing: C:/Users/ZBY/Desktop/YYZ/GNCSIMZMKN/build/legacy-reproduction/runs/r0-leg-001-20260810-07/deps/eigen-install/include/eigen3/Eigen/src/Core/arch/NEON/MathFunctions.h
-- Installing: C:/Users/ZBY/Desktop/YYZ/GNCSIMZMKN/build/legacy-reproduction/runs/r0-leg-001-20260810-07/deps/eigen-install/include/eigen3/Eigen/src/Core/arch/NEON/PacketMath.h
-- Installing: C:/Users/ZBY/Desktop/YYZ/GNCSIMZMKN/build/legacy-reproduction/runs/r0-leg-001-20260810-07/deps/eigen-install/include/eigen3/Eigen/src/Core/arch/NEON/TypeCasting.h
-- Installing: C:/Users/ZBY/Desktop/YYZ/GNCSIMZMKN/build/legacy-reproduction/runs/r0-leg-001-20260810-07/deps/eigen-install/include/eigen3/Eigen/src/Core/arch/SSE
-- Installing: C:/Users/ZBY/Desktop/YYZ/GNCSIMZMKN/build/legacy-reproduction/runs/r0-leg-001-20260810-07/deps/eigen-install/include/eigen3/Eigen/src/Core/arch/SSE/Complex.h
-- Installing: C:/Users/ZBY/Desktop/YYZ/GNCSIMZMKN/build/legacy-reproduction/runs/r0-leg-001-20260810-07/deps/eigen-install/include/eigen3/Eigen/src/Core/arch/SSE/MathFunctions.h
-- Installing: C:/Users/ZBY/Desktop/YYZ/GNCSIMZMKN/build/legacy-reproduction/runs/r0-leg-001-20260810-07/deps/eigen-install/include/eigen3/Eigen/src/Core/arch/SSE/PacketMath.h
-- Installing: C:/Users/ZBY/Desktop/YYZ/GNCSIMZMKN/build/legacy-reproduction/runs/r0-leg-001-20260810-07/deps/eigen-install/include/eigen3/Eigen/src/Core/arch/SSE/TypeCasting.h
-- Installing: C:/Users/ZBY/Desktop/YYZ/GNCSIMZMKN/build/legacy-reproduction/runs/r0-leg-001-20260810-07/deps/eigen-install/include/eigen3/Eigen/src/Core/arch/SVE
-- Installing: C:/Users/ZBY/Desktop/YYZ/GNCSIMZMKN/build/legacy-reproduction/runs/r0-leg-001-20260810-07/deps/eigen-install/include/eigen3/Eigen/src/Core/arch/SVE/MathFunctions.h
-- Installing: C:/Users/ZBY/Desktop/YYZ/GNCSIMZMKN/build/legacy-reproduction/runs/r0-leg-001-20260810-07/deps/eigen-install/include/eigen3/Eigen/src/Core/arch/SVE/PacketMath.h
-- Installing: C:/Users/ZBY/Desktop/YYZ/GNCSIMZMKN/build/legacy-reproduction/runs/r0-leg-001-20260810-07/deps/eigen-install/include/eigen3/Eigen/src/Core/arch/SVE/TypeCasting.h
-- Installing: C:/Users/ZBY/Desktop/YYZ/GNCSIMZMKN/build/legacy-reproduction/runs/r0-leg-001-20260810-07/deps/eigen-install/include/eigen3/Eigen/src/Core/arch/SYCL
-- Installing: C:/Users/ZBY/Desktop/YYZ/GNCSIMZMKN/build/legacy-reproduction/runs/r0-leg-001-20260810-07/deps/eigen-install/include/eigen3/Eigen/src/Core/arch/SYCL/InteropHeaders.h
-- Installing: C:/Users/ZBY/Desktop/YYZ/GNCSIMZMKN/build/legacy-reproduction/runs/r0-leg-001-20260810-07/deps/eigen-install/include/eigen3/Eigen/src/Core/arch/SYCL/MathFunctions.h
-- Installing: C:/Users/ZBY/Desktop/YYZ/GNCSIMZMKN/build/legacy-reproduction/runs/r0-leg-001-20260810-07/deps/eigen-install/include/eigen3/Eigen/src/Core/arch/SYCL/PacketMath.h
-- Installing: C:/Users/ZBY/Desktop/YYZ/GNCSIMZMKN/build/legacy-reproduction/runs/r0-leg-001-20260810-07/deps/eigen-install/include/eigen3/Eigen/src/Core/arch/SYCL/SyclMemoryModel.h
-- Installing: C:/Users/ZBY/Desktop/YYZ/GNCSIMZMKN/build/legacy-reproduction/runs/r0-leg-001-20260810-07/deps/eigen-install/include/eigen3/Eigen/src/Core/arch/SYCL/TypeCasting.h
-- Installing: C:/Users/ZBY/Desktop/YYZ/GNCSIMZMKN/build/legacy-reproduction/runs/r0-leg-001-20260810-07/deps/eigen-install/include/eigen3/Eigen/src/Core/arch/ZVector
-- Installing: C:/Users/ZBY/Desktop/YYZ/GNCSIMZMKN/build/legacy-reproduction/runs/r0-leg-001-20260810-07/deps/eigen-install/include/eigen3/Eigen/src/Core/arch/ZVector/Complex.h
-- Installing: C:/Users/ZBY/Desktop/YYZ/GNCSIMZMKN/build/legacy-reproduction/runs/r0-leg-001-20260810-07/deps/eigen-install/include/eigen3/Eigen/src/Core/arch/ZVector/MathFunctions.h
-- Installing: C:/Users/ZBY/Desktop/YYZ/GNCSIMZMKN/build/legacy-reproduction/runs/r0-leg-001-20260810-07/deps/eigen-install/include/eigen3/Eigen/src/Core/arch/ZVector/PacketMath.h
-- Installing: C:/Users/ZBY/Desktop/YYZ/GNCSIMZMKN/build/legacy-reproduction/runs/r0-leg-001-20260810-07/deps/eigen-install/include/eigen3/Eigen/src/Core/ArithmeticSequence.h
-- Installing: C:/Users/ZBY/Desktop/YYZ/GNCSIMZMKN/build/legacy-reproduction/runs/r0-leg-001-20260810-07/deps/eigen-install/include/eigen3/Eigen/src/Core/Array.h
-- Installing: C:/Users/ZBY/Desktop/YYZ/GNCSIMZMKN/build/legacy-reproduction/runs/r0-leg-001-20260810-07/deps/eigen-install/include/eigen3/Eigen/src/Core/ArrayBase.h
-- Installing: C:/Users/ZBY/Desktop/YYZ/GNCSIMZMKN/build/legacy-reproduction/runs/r0-leg-001-20260810-07/deps/eigen-install/include/eigen3/Eigen/src/Core/ArrayWrapper.h
-- Installing: C:/Users/ZBY/Desktop/YYZ/GNCSIMZMKN/build/legacy-reproduction/runs/r0-leg-001-20260810-07/deps/eigen-install/include/eigen3/Eigen/src/Core/Assign.h
-- Installing: C:/Users/ZBY/Desktop/YYZ/GNCSIMZMKN/build/legacy-reproduction/runs/r0-leg-001-20260810-07/deps/eigen-install/include/eigen3/Eigen/src/Core/AssignEvaluator.h
-- Installing: C:/Users/ZBY/Desktop/YYZ/GNCSIMZMKN/build/legacy-reproduction/runs/r0-leg-001-20260810-07/deps/eigen-install/include/eigen3/Eigen/src/Core/Assign_MKL.h
-- Installing: C:/Users/ZBY/Desktop/YYZ/GNCSIMZMKN/build/legacy-reproduction/runs/r0-leg-001-20260810-07/deps/eigen-install/include/eigen3/Eigen/src/Core/BandMatrix.h
-- Installing: C:/Users/ZBY/Desktop/YYZ/GNCSIMZMKN/build/legacy-reproduction/runs/r0-leg-001-20260810-07/deps/eigen-install/include/eigen3/Eigen/src/Core/Block.h
-- Installing: C:/Users/ZBY/Desktop/YYZ/GNCSIMZMKN/build/legacy-reproduction/runs/r0-leg-001-20260810-07/deps/eigen-install/include/eigen3/Eigen/src/Core/BooleanRedux.h
-- Installing: C:/Users/ZBY/Desktop/YYZ/GNCSIMZMKN/build/legacy-reproduction/runs/r0-leg-001-20260810-07/deps/eigen-install/include/eigen3/Eigen/src/Core/CommaInitializer.h
-- Installing: C:/Users/ZBY/Desktop/YYZ/GNCSIMZMKN/build/legacy-reproduction/runs/r0-leg-001-20260810-07/deps/eigen-install/include/eigen3/Eigen/src/Core/ConditionEstimator.h
-- Installing: C:/Users/ZBY/Desktop/YYZ/GNCSIMZMKN/build/legacy-reproduction/runs/r0-leg-001-20260810-07/deps/eigen-install/include/eigen3/Eigen/src/Core/CoreEvaluators.h
-- Installing: C:/Users/ZBY/Desktop/YYZ/GNCSIMZMKN/build/legacy-reproduction/runs/r0-leg-001-20260810-07/deps/eigen-install/include/eigen3/Eigen/src/Core/CoreIterators.h
-- Installing: C:/Users/ZBY/Desktop/YYZ/GNCSIMZMKN/build/legacy-reproduction/runs/r0-leg-001-20260810-07/deps/eigen-install/include/eigen3/Eigen/src/Core/CwiseBinaryOp.h
-- Installing: C:/Users/ZBY/Desktop/YYZ/GNCSIMZMKN/build/legacy-reproduction/runs/r0-leg-001-20260810-07/deps/eigen-install/include/eigen3/Eigen/src/Core/CwiseNullaryOp.h
-- Installing: C:/Users/ZBY/Desktop/YYZ/GNCSIMZMKN/build/legacy-reproduction/runs/r0-leg-001-20260810-07/deps/eigen-install/include/eigen3/Eigen/src/Core/CwiseTernaryOp.h
-- Installing: C:/Users/ZBY/Desktop/YYZ/GNCSIMZMKN/build/legacy-reproduction/runs/r0-leg-001-20260810-07/deps/eigen-install/include/eigen3/Eigen/src/Core/CwiseUnaryOp.h
-- Installing: C:/Users/ZBY/Desktop/YYZ/GNCSIMZMKN/build/legacy-reproduction/runs/r0-leg-001-20260810-07/deps/eigen-install/include/eigen3/Eigen/src/Core/CwiseUnaryView.h
-- Installing: C:/Users/ZBY/Desktop/YYZ/GNCSIMZMKN/build/legacy-reproduction/runs/r0-leg-001-20260810-07/deps/eigen-install/include/eigen3/Eigen/src/Core/DenseBase.h
-- Installing: C:/Users/ZBY/Desktop/YYZ/GNCSIMZMKN/build/legacy-reproduction/runs/r0-leg-001-20260810-07/deps/eigen-install/include/eigen3/Eigen/src/Core/DenseCoeffsBase.h
-- Installing: C:/Users/ZBY/Desktop/YYZ/GNCSIMZMKN/build/legacy-reproduction/runs/r0-leg-001-20260810-07/deps/eigen-install/include/eigen3/Eigen/src/Core/DenseStorage.h
-- Installing: C:/Users/ZBY/Desktop/YYZ/GNCSIMZMKN/build/legacy-reproduction/runs/r0-leg-001-20260810-07/deps/eigen-install/include/eigen3/Eigen/src/Core/Diagonal.h
-- Installing: C:/Users/ZBY/Desktop/YYZ/GNCSIMZMKN/build/legacy-reproduction/runs/r0-leg-001-20260810-07/deps/eigen-install/include/eigen3/Eigen/src/Core/DiagonalMatrix.h
-- Installing: C:/Users/ZBY/Desktop/YYZ/GNCSIMZMKN/build/legacy-reproduction/runs/r0-leg-001-20260810-07/deps/eigen-install/include/eigen3/Eigen/src/Core/DiagonalProduct.h
-- Installing: C:/Users/ZBY/Desktop/YYZ/GNCSIMZMKN/build/legacy-reproduction/runs/r0-leg-001-20260810-07/deps/eigen-install/include/eigen3/Eigen/src/Core/Dot.h
-- Installing: C:/Users/ZBY/Desktop/YYZ/GNCSIMZMKN/build/legacy-reproduction/runs/r0-leg-001-20260810-07/deps/eigen-install/include/eigen3/Eigen/src/Core/EigenBase.h
-- Installing: C:/Users/ZBY/Desktop/YYZ/GNCSIMZMKN/build/legacy-reproduction/runs/r0-leg-001-20260810-07/deps/eigen-install/include/eigen3/Eigen/src/Core/ForceAlignedAccess.h
-- Installing: C:/Users/ZBY/Desktop/YYZ/GNCSIMZMKN/build/legacy-reproduction/runs/r0-leg-001-20260810-07/deps/eigen-install/include/eigen3/Eigen/src/Core/functors
-- Installing: C:/Users/ZBY/Desktop/YYZ/GNCSIMZMKN/build/legacy-reproduction/runs/r0-leg-001-20260810-07/deps/eigen-install/include/eigen3/Eigen/src/Core/functors/AssignmentFunctors.h
-- Installing: C:/Users/ZBY/Desktop/YYZ/GNCSIMZMKN/build/legacy-reproduction/runs/r0-leg-001-20260810-07/deps/eigen-install/include/eigen3/Eigen/src/Core/functors/BinaryFunctors.h
-- Installing: C:/Users/ZBY/Desktop/YYZ/GNCSIMZMKN/build/legacy-reproduction/runs/r0-leg-001-20260810-07/deps/eigen-install/include/eigen3/Eigen/src/Core/functors/NullaryFunctors.h
-- Installing: C:/Users/ZBY/Desktop/YYZ/GNCSIMZMKN/build/legacy-reproduction/runs/r0-leg-001-20260810-07/deps/eigen-install/include/eigen3/Eigen/src/Core/functors/StlFunctors.h
-- Installing: C:/Users/ZBY/Desktop/YYZ/GNCSIMZMKN/build/legacy-reproduction/runs/r0-leg-001-20260810-07/deps/eigen-install/include/eigen3/Eigen/src/Core/functors/TernaryFunctors.h
-- Installing: C:/Users/ZBY/Desktop/YYZ/GNCSIMZMKN/build/legacy-reproduction/runs/r0-leg-001-20260810-07/deps/eigen-install/include/eigen3/Eigen/src/Core/functors/UnaryFunctors.h
-- Installing: C:/Users/ZBY/Desktop/YYZ/GNCSIMZMKN/build/legacy-reproduction/runs/r0-leg-001-20260810-07/deps/eigen-install/include/eigen3/Eigen/src/Core/Fuzzy.h
-- Installing: C:/Users/ZBY/Desktop/YYZ/GNCSIMZMKN/build/legacy-reproduction/runs/r0-leg-001-20260810-07/deps/eigen-install/include/eigen3/Eigen/src/Core/GeneralProduct.h
-- Installing: C:/Users/ZBY/Desktop/YYZ/GNCSIMZMKN/build/legacy-reproduction/runs/r0-leg-001-20260810-07/deps/eigen-install/include/eigen3/Eigen/src/Core/GenericPacketMath.h
-- Installing: C:/Users/ZBY/Desktop/YYZ/GNCSIMZMKN/build/legacy-reproduction/runs/r0-leg-001-20260810-07/deps/eigen-install/include/eigen3/Eigen/src/Core/GlobalFunctions.h
-- Installing: C:/Users/ZBY/Desktop/YYZ/GNCSIMZMKN/build/legacy-reproduction/runs/r0-leg-001-20260810-07/deps/eigen-install/include/eigen3/Eigen/src/Core/IndexedView.h
-- Installing: C:/Users/ZBY/Desktop/YYZ/GNCSIMZMKN/build/legacy-reproduction/runs/r0-leg-001-20260810-07/deps/eigen-install/include/eigen3/Eigen/src/Core/Inverse.h
-- Installing: C:/Users/ZBY/Desktop/YYZ/GNCSIMZMKN/build/legacy-reproduction/runs/r0-leg-001-20260810-07/deps/eigen-install/include/eigen3/Eigen/src/Core/IO.h
-- Installing: C:/Users/ZBY/Desktop/YYZ/GNCSIMZMKN/build/legacy-reproduction/runs/r0-leg-001-20260810-07/deps/eigen-install/include/eigen3/Eigen/src/Core/Map.h
-- Installing: C:/Users/ZBY/Desktop/YYZ/GNCSIMZMKN/build/legacy-reproduction/runs/r0-leg-001-20260810-07/deps/eigen-install/include/eigen3/Eigen/src/Core/MapBase.h
-- Installing: C:/Users/ZBY/Desktop/YYZ/GNCSIMZMKN/build/legacy-reproduction/runs/r0-leg-001-20260810-07/deps/eigen-install/include/eigen3/Eigen/src/Core/MathFunctions.h
-- Installing: C:/Users/ZBY/Desktop/YYZ/GNCSIMZMKN/build/legacy-reproduction/runs/r0-leg-001-20260810-07/deps/eigen-install/include/eigen3/Eigen/src/Core/MathFunctionsImpl.h
-- Installing: C:/Users/ZBY/Desktop/YYZ/GNCSIMZMKN/build/legacy-reproduction/runs/r0-leg-001-20260810-07/deps/eigen-install/include/eigen3/Eigen/src/Core/Matrix.h
-- Installing: C:/Users/ZBY/Desktop/YYZ/GNCSIMZMKN/build/legacy-reproduction/runs/r0-leg-001-20260810-07/deps/eigen-install/include/eigen3/Eigen/src/Core/MatrixBase.h
-- Installing: C:/Users/ZBY/Desktop/YYZ/GNCSIMZMKN/build/legacy-reproduction/runs/r0-leg-001-20260810-07/deps/eigen-install/include/eigen3/Eigen/src/Core/NestByValue.h
-- Installing: C:/Users/ZBY/Desktop/YYZ/GNCSIMZMKN/build/legacy-reproduction/runs/r0-leg-001-20260810-07/deps/eigen-install/include/eigen3/Eigen/src/Core/NoAlias.h
-- Installing: C:/Users/ZBY/Desktop/YYZ/GNCSIMZMKN/build/legacy-reproduction/runs/r0-leg-001-20260810-07/deps/eigen-install/include/eigen3/Eigen/src/Core/NumTraits.h
-- Installing: C:/Users/ZBY/Desktop/YYZ/GNCSIMZMKN/build/legacy-reproduction/runs/r0-leg-001-20260810-07/deps/eigen-install/include/eigen3/Eigen/src/Core/PartialReduxEvaluator.h
-- Installing: C:/Users/ZBY/Desktop/YYZ/GNCSIMZMKN/build/legacy-reproduction/runs/r0-leg-001-20260810-07/deps/eigen-install/include/eigen3/Eigen/src/Core/PermutationMatrix.h
-- Installing: C:/Users/ZBY/Desktop/YYZ/GNCSIMZMKN/build/legacy-reproduction/runs/r0-leg-001-20260810-07/deps/eigen-install/include/eigen3/Eigen/src/Core/PlainObjectBase.h
-- Installing: C:/Users/ZBY/Desktop/YYZ/GNCSIMZMKN/build/legacy-reproduction/runs/r0-leg-001-20260810-07/deps/eigen-install/include/eigen3/Eigen/src/Core/Product.h
-- Installing: C:/Users/ZBY/Desktop/YYZ/GNCSIMZMKN/build/legacy-reproduction/runs/r0-leg-001-20260810-07/deps/eigen-install/include/eigen3/Eigen/src/Core/ProductEvaluators.h
-- Installing: C:/Users/ZBY/Desktop/YYZ/GNCSIMZMKN/build/legacy-reproduction/runs/r0-leg-001-20260810-07/deps/eigen-install/include/eigen3/Eigen/src/Core/products
-- Installing: C:/Users/ZBY/Desktop/YYZ/GNCSIMZMKN/build/legacy-reproduction/runs/r0-leg-001-20260810-07/deps/eigen-install/include/eigen3/Eigen/src/Core/products/GeneralBlockPanelKernel.h
-- Installing: C:/Users/ZBY/Desktop/YYZ/GNCSIMZMKN/build/legacy-reproduction/runs/r0-leg-001-20260810-07/deps/eigen-install/include/eigen3/Eigen/src/Core/products/GeneralMatrixMatrix.h
-- Installing: C:/Users/ZBY/Desktop/YYZ/GNCSIMZMKN/build/legacy-reproduction/runs/r0-leg-001-20260810-07/deps/eigen-install/include/eigen3/Eigen/src/Core/products/GeneralMatrixMatrixTriangular.h
-- Installing: C:/Users/ZBY/Desktop/YYZ/GNCSIMZMKN/build/legacy-reproduction/runs/r0-leg-001-20260810-07/deps/eigen-install/include/eigen3/Eigen/src/Core/products/GeneralMatrixMatrixTriangular_BLAS.h
-- Installing: C:/Users/ZBY/Desktop/YYZ/GNCSIMZMKN/build/legacy-reproduction/runs/r0-leg-001-20260810-07/deps/eigen-install/include/eigen3/Eigen/src/Core/products/GeneralMatrixMatrix_BLAS.h
-- Installing: C:/Users/ZBY/Desktop/YYZ/GNCSIMZMKN/build/legacy-reproduction/runs/r0-leg-001-20260810-07/deps/eigen-install/include/eigen3/Eigen/src/Core/products/GeneralMatrixVector.h
-- Installing: C:/Users/ZBY/Desktop/YYZ/GNCSIMZMKN/build/legacy-reproduction/runs/r0-leg-001-20260810-07/deps/eigen-install/include/eigen3/Eigen/src/Core/products/GeneralMatrixVector_BLAS.h
-- Installing: C:/Users/ZBY/Desktop/YYZ/GNCSIMZMKN/build/legacy-reproduction/runs/r0-leg-001-20260810-07/deps/eigen-install/include/eigen3/Eigen/src/Core/products/Parallelizer.h
-- Installing: C:/Users/ZBY/Desktop/YYZ/GNCSIMZMKN/build/legacy-reproduction/runs/r0-leg-001-20260810-07/deps/eigen-install/include/eigen3/Eigen/src/Core/products/SelfadjointMatrixMatrix.h
-- Installing: C:/Users/ZBY/Desktop/YYZ/GNCSIMZMKN/build/legacy-reproduction/runs/r0-leg-001-20260810-07/deps/eigen-install/include/eigen3/Eigen/src/Core/products/SelfadjointMatrixMatrix_BLAS.h
-- Installing: C:/Users/ZBY/Desktop/YYZ/GNCSIMZMKN/build/legacy-reproduction/runs/r0-leg-001-20260810-07/deps/eigen-install/include/eigen3/Eigen/src/Core/products/SelfadjointMatrixVector.h
-- Installing: C:/Users/ZBY/Desktop/YYZ/GNCSIMZMKN/build/legacy-reproduction/runs/r0-leg-001-20260810-07/deps/eigen-install/include/eigen3/Eigen/src/Core/products/SelfadjointMatrixVector_BLAS.h
-- Installing: C:/Users/ZBY/Desktop/YYZ/GNCSIMZMKN/build/legacy-reproduction/runs/r0-leg-001-20260810-07/deps/eigen-install/include/eigen3/Eigen/src/Core/products/SelfadjointProduct.h
-- Installing: C:/Users/ZBY/Desktop/YYZ/GNCSIMZMKN/build/legacy-reproduction/runs/r0-leg-001-20260810-07/deps/eigen-install/include/eigen3/Eigen/src/Core/products/SelfadjointRank2Update.h
-- Installing: C:/Users/ZBY/Desktop/YYZ/GNCSIMZMKN/build/legacy-reproduction/runs/r0-leg-001-20260810-07/deps/eigen-install/include/eigen3/Eigen/src/Core/products/TriangularMatrixMatrix.h
-- Installing: C:/Users/ZBY/Desktop/YYZ/GNCSIMZMKN/build/legacy-reproduction/runs/r0-leg-001-20260810-07/deps/eigen-install/include/eigen3/Eigen/src/Core/products/TriangularMatrixMatrix_BLAS.h
-- Installing: C:/Users/ZBY/Desktop/YYZ/GNCSIMZMKN/build/legacy-reproduction/runs/r0-leg-001-20260810-07/deps/eigen-install/include/eigen3/Eigen/src/Core/products/TriangularMatrixVector.h
-- Installing: C:/Users/ZBY/Desktop/YYZ/GNCSIMZMKN/build/legacy-reproduction/runs/r0-leg-001-20260810-07/deps/eigen-install/include/eigen3/Eigen/src/Core/products/TriangularMatrixVector_BLAS.h
-- Installing: C:/Users/ZBY/Desktop/YYZ/GNCSIMZMKN/build/legacy-reproduction/runs/r0-leg-001-20260810-07/deps/eigen-install/include/eigen3/Eigen/src/Core/products/TriangularSolverMatrix.h
-- Installing: C:/Users/ZBY/Desktop/YYZ/GNCSIMZMKN/build/legacy-reproduction/runs/r0-leg-001-20260810-07/deps/eigen-install/include/eigen3/Eigen/src/Core/products/TriangularSolverMatrix_BLAS.h
-- Installing: C:/Users/ZBY/Desktop/YYZ/GNCSIMZMKN/build/legacy-reproduction/runs/r0-leg-001-20260810-07/deps/eigen-install/include/eigen3/Eigen/src/Core/products/TriangularSolverVector.h
-- Installing: C:/Users/ZBY/Desktop/YYZ/GNCSIMZMKN/build/legacy-reproduction/runs/r0-leg-001-20260810-07/deps/eigen-install/include/eigen3/Eigen/src/Core/Random.h
-- Installing: C:/Users/ZBY/Desktop/YYZ/GNCSIMZMKN/build/legacy-reproduction/runs/r0-leg-001-20260810-07/deps/eigen-install/include/eigen3/Eigen/src/Core/Redux.h
-- Installing: C:/Users/ZBY/Desktop/YYZ/GNCSIMZMKN/build/legacy-reproduction/runs/r0-leg-001-20260810-07/deps/eigen-install/include/eigen3/Eigen/src/Core/Ref.h
-- Installing: C:/Users/ZBY/Desktop/YYZ/GNCSIMZMKN/build/legacy-reproduction/runs/r0-leg-001-20260810-07/deps/eigen-install/include/eigen3/Eigen/src/Core/Replicate.h
-- Installing: C:/Users/ZBY/Desktop/YYZ/GNCSIMZMKN/build/legacy-reproduction/runs/r0-leg-001-20260810-07/deps/eigen-install/include/eigen3/Eigen/src/Core/Reshaped.h
-- Installing: C:/Users/ZBY/Desktop/YYZ/GNCSIMZMKN/build/legacy-reproduction/runs/r0-leg-001-20260810-07/deps/eigen-install/include/eigen3/Eigen/src/Core/ReturnByValue.h
-- Installing: C:/Users/ZBY/Desktop/YYZ/GNCSIMZMKN/build/legacy-reproduction/runs/r0-leg-001-20260810-07/deps/eigen-install/include/eigen3/Eigen/src/Core/Reverse.h
-- Installing: C:/Users/ZBY/Desktop/YYZ/GNCSIMZMKN/build/legacy-reproduction/runs/r0-leg-001-20260810-07/deps/eigen-install/include/eigen3/Eigen/src/Core/Select.h
-- Installing: C:/Users/ZBY/Desktop/YYZ/GNCSIMZMKN/build/legacy-reproduction/runs/r0-leg-001-20260810-07/deps/eigen-install/include/eigen3/Eigen/src/Core/SelfAdjointView.h
-- Installing: C:/Users/ZBY/Desktop/YYZ/GNCSIMZMKN/build/legacy-reproduction/runs/r0-leg-001-20260810-07/deps/eigen-install/include/eigen3/Eigen/src/Core/SelfCwiseBinaryOp.h
-- Installing: C:/Users/ZBY/Desktop/YYZ/GNCSIMZMKN/build/legacy-reproduction/runs/r0-leg-001-20260810-07/deps/eigen-install/include/eigen3/Eigen/src/Core/Solve.h
-- Installing: C:/Users/ZBY/Desktop/YYZ/GNCSIMZMKN/build/legacy-reproduction/runs/r0-leg-001-20260810-07/deps/eigen-install/include/eigen3/Eigen/src/Core/SolverBase.h
-- Installing: C:/Users/ZBY/Desktop/YYZ/GNCSIMZMKN/build/legacy-reproduction/runs/r0-leg-001-20260810-07/deps/eigen-install/include/eigen3/Eigen/src/Core/SolveTriangular.h
-- Installing: C:/Users/ZBY/Desktop/YYZ/GNCSIMZMKN/build/legacy-reproduction/runs/r0-leg-001-20260810-07/deps/eigen-install/include/eigen3/Eigen/src/Core/StableNorm.h
-- Installing: C:/Users/ZBY/Desktop/YYZ/GNCSIMZMKN/build/legacy-reproduction/runs/r0-leg-001-20260810-07/deps/eigen-install/include/eigen3/Eigen/src/Core/StlIterators.h
-- Installing: C:/Users/ZBY/Desktop/YYZ/GNCSIMZMKN/build/legacy-reproduction/runs/r0-leg-001-20260810-07/deps/eigen-install/include/eigen3/Eigen/src/Core/Stride.h
-- Installing: C:/Users/ZBY/Desktop/YYZ/GNCSIMZMKN/build/legacy-reproduction/runs/r0-leg-001-20260810-07/deps/eigen-install/include/eigen3/Eigen/src/Core/Swap.h
-- Installing: C:/Users/ZBY/Desktop/YYZ/GNCSIMZMKN/build/legacy-reproduction/runs/r0-leg-001-20260810-07/deps/eigen-install/include/eigen3/Eigen/src/Core/Transpose.h
-- Installing: C:/Users/ZBY/Desktop/YYZ/GNCSIMZMKN/build/legacy-reproduction/runs/r0-leg-001-20260810-07/deps/eigen-install/include/eigen3/Eigen/src/Core/Transpositions.h
-- Installing: C:/Users/ZBY/Desktop/YYZ/GNCSIMZMKN/build/legacy-reproduction/runs/r0-leg-001-20260810-07/deps/eigen-install/include/eigen3/Eigen/src/Core/TriangularMatrix.h
-- Installing: C:/Users/ZBY/Desktop/YYZ/GNCSIMZMKN/build/legacy-reproduction/runs/r0-leg-001-20260810-07/deps/eigen-install/include/eigen3/Eigen/src/Core/util
-- Installing: C:/Users/ZBY/Desktop/YYZ/GNCSIMZMKN/build/legacy-reproduction/runs/r0-leg-001-20260810-07/deps/eigen-install/include/eigen3/Eigen/src/Core/util/BlasUtil.h
-- Installing: C:/Users/ZBY/Desktop/YYZ/GNCSIMZMKN/build/legacy-reproduction/runs/r0-leg-001-20260810-07/deps/eigen-install/include/eigen3/Eigen/src/Core/util/ConfigureVectorization.h
-- Installing: C:/Users/ZBY/Desktop/YYZ/GNCSIMZMKN/build/legacy-reproduction/runs/r0-leg-001-20260810-07/deps/eigen-install/include/eigen3/Eigen/src/Core/util/Constants.h
-- Installing: C:/Users/ZBY/Desktop/YYZ/GNCSIMZMKN/build/legacy-reproduction/runs/r0-leg-001-20260810-07/deps/eigen-install/include/eigen3/Eigen/src/Core/util/DisableStupidWarnings.h
-- Installing: C:/Users/ZBY/Desktop/YYZ/GNCSIMZMKN/build/legacy-reproduction/runs/r0-leg-001-20260810-07/deps/eigen-install/include/eigen3/Eigen/src/Core/util/ForwardDeclarations.h
-- Installing: C:/Users/ZBY/Desktop/YYZ/GNCSIMZMKN/build/legacy-reproduction/runs/r0-leg-001-20260810-07/deps/eigen-install/include/eigen3/Eigen/src/Core/util/IndexedViewHelper.h
-- Installing: C:/Users/ZBY/Desktop/YYZ/GNCSIMZMKN/build/legacy-reproduction/runs/r0-leg-001-20260810-07/deps/eigen-install/include/eigen3/Eigen/src/Core/util/IntegralConstant.h
-- Installing: C:/Users/ZBY/Desktop/YYZ/GNCSIMZMKN/build/legacy-reproduction/runs/r0-leg-001-20260810-07/deps/eigen-install/include/eigen3/Eigen/src/Core/util/Macros.h
-- Installing: C:/Users/ZBY/Desktop/YYZ/GNCSIMZMKN/build/legacy-reproduction/runs/r0-leg-001-20260810-07/deps/eigen-install/include/eigen3/Eigen/src/Core/util/Memory.h
-- Installing: C:/Users/ZBY/Desktop/YYZ/GNCSIMZMKN/build/legacy-reproduction/runs/r0-leg-001-20260810-07/deps/eigen-install/include/eigen3/Eigen/src/Core/util/Meta.h
-- Installing: C:/Users/ZBY/Desktop/YYZ/GNCSIMZMKN/build/legacy-reproduction/runs/r0-leg-001-20260810-07/deps/eigen-install/include/eigen3/Eigen/src/Core/util/MKL_support.h
-- Installing: C:/Users/ZBY/Desktop/YYZ/GNCSIMZMKN/build/legacy-reproduction/runs/r0-leg-001-20260810-07/deps/eigen-install/include/eigen3/Eigen/src/Core/util/NonMPL2.h
-- Installing: C:/Users/ZBY/Desktop/YYZ/GNCSIMZMKN/build/legacy-reproduction/runs/r0-leg-001-20260810-07/deps/eigen-install/include/eigen3/Eigen/src/Core/util/ReenableStupidWarnings.h
-- Installing: C:/Users/ZBY/Desktop/YYZ/GNCSIMZMKN/build/legacy-reproduction/runs/r0-leg-001-20260810-07/deps/eigen-install/include/eigen3/Eigen/src/Core/util/ReshapedHelper.h
-- Installing: C:/Users/ZBY/Desktop/YYZ/GNCSIMZMKN/build/legacy-reproduction/runs/r0-leg-001-20260810-07/deps/eigen-install/include/eigen3/Eigen/src/Core/util/StaticAssert.h
-- Installing: C:/Users/ZBY/Desktop/YYZ/GNCSIMZMKN/build/legacy-reproduction/runs/r0-leg-001-20260810-07/deps/eigen-install/include/eigen3/Eigen/src/Core/util/SymbolicIndex.h
-- Installing: C:/Users/ZBY/Desktop/YYZ/GNCSIMZMKN/build/legacy-reproduction/runs/r0-leg-001-20260810-07/deps/eigen-install/include/eigen3/Eigen/src/Core/util/XprHelper.h
-- Installing: C:/Users/ZBY/Desktop/YYZ/GNCSIMZMKN/build/legacy-reproduction/runs/r0-leg-001-20260810-07/deps/eigen-install/include/eigen3/Eigen/src/Core/VectorBlock.h
-- Installing: C:/Users/ZBY/Desktop/YYZ/GNCSIMZMKN/build/legacy-reproduction/runs/r0-leg-001-20260810-07/deps/eigen-install/include/eigen3/Eigen/src/Core/VectorwiseOp.h
-- Installing: C:/Users/ZBY/Desktop/YYZ/GNCSIMZMKN/build/legacy-reproduction/runs/r0-leg-001-20260810-07/deps/eigen-install/include/eigen3/Eigen/src/Core/Visitor.h
-- Installing: C:/Users/ZBY/Desktop/YYZ/GNCSIMZMKN/build/legacy-reproduction/runs/r0-leg-001-20260810-07/deps/eigen-install/include/eigen3/Eigen/src/Eigenvalues
-- Installing: C:/Users/ZBY/Desktop/YYZ/GNCSIMZMKN/build/legacy-reproduction/runs/r0-leg-001-20260810-07/deps/eigen-install/include/eigen3/Eigen/src/Eigenvalues/ComplexEigenSolver.h
-- Installing: C:/Users/ZBY/Desktop/YYZ/GNCSIMZMKN/build/legacy-reproduction/runs/r0-leg-001-20260810-07/deps/eigen-install/include/eigen3/Eigen/src/Eigenvalues/ComplexSchur.h
-- Installing: C:/Users/ZBY/Desktop/YYZ/GNCSIMZMKN/build/legacy-reproduction/runs/r0-leg-001-20260810-07/deps/eigen-install/include/eigen3/Eigen/src/Eigenvalues/ComplexSchur_LAPACKE.h
-- Installing: C:/Users/ZBY/Desktop/YYZ/GNCSIMZMKN/build/legacy-reproduction/runs/r0-leg-001-20260810-07/deps/eigen-install/include/eigen3/Eigen/src/Eigenvalues/EigenSolver.h
-- Installing: C:/Users/ZBY/Desktop/YYZ/GNCSIMZMKN/build/legacy-reproduction/runs/r0-leg-001-20260810-07/deps/eigen-install/include/eigen3/Eigen/src/Eigenvalues/GeneralizedEigenSolver.h
-- Installing: C:/Users/ZBY/Desktop/YYZ/GNCSIMZMKN/build/legacy-reproduction/runs/r0-leg-001-20260810-07/deps/eigen-install/include/eigen3/Eigen/src/Eigenvalues/GeneralizedSelfAdjointEigenSolver.h
-- Installing: C:/Users/ZBY/Desktop/YYZ/GNCSIMZMKN/build/legacy-reproduction/runs/r0-leg-001-20260810-07/deps/eigen-install/include/eigen3/Eigen/src/Eigenvalues/HessenbergDecomposition.h
-- Installing: C:/Users/ZBY/Desktop/YYZ/GNCSIMZMKN/build/legacy-reproduction/runs/r0-leg-001-20260810-07/deps/eigen-install/include/eigen3/Eigen/src/Eigenvalues/MatrixBaseEigenvalues.h
-- Installing: C:/Users/ZBY/Desktop/YYZ/GNCSIMZMKN/build/legacy-reproduction/runs/r0-leg-001-20260810-07/deps/eigen-install/include/eigen3/Eigen/src/Eigenvalues/RealQZ.h
-- Installing: C:/Users/ZBY/Desktop/YYZ/GNCSIMZMKN/build/legacy-reproduction/runs/r0-leg-001-20260810-07/deps/eigen-install/include/eigen3/Eigen/src/Eigenvalues/RealSchur.h
-- Installing: C:/Users/ZBY/Desktop/YYZ/GNCSIMZMKN/build/legacy-reproduction/runs/r0-leg-001-20260810-07/deps/eigen-install/include/eigen3/Eigen/src/Eigenvalues/RealSchur_LAPACKE.h
-- Installing: C:/Users/ZBY/Desktop/YYZ/GNCSIMZMKN/build/legacy-reproduction/runs/r0-leg-001-20260810-07/deps/eigen-install/include/eigen3/Eigen/src/Eigenvalues/SelfAdjointEigenSolver.h
-- Installing: C:/Users/ZBY/Desktop/YYZ/GNCSIMZMKN/build/legacy-reproduction/runs/r0-leg-001-20260810-07/deps/eigen-install/include/eigen3/Eigen/src/Eigenvalues/SelfAdjointEigenSolver_LAPACKE.h
-- Installing: C:/Users/ZBY/Desktop/YYZ/GNCSIMZMKN/build/legacy-reproduction/runs/r0-leg-001-20260810-07/deps/eigen-install/include/eigen3/Eigen/src/Eigenvalues/Tridiagonalization.h
-- Installing: C:/Users/ZBY/Desktop/YYZ/GNCSIMZMKN/build/legacy-reproduction/runs/r0-leg-001-20260810-07/deps/eigen-install/include/eigen3/Eigen/src/Geometry
-- Installing: C:/Users/ZBY/Desktop/YYZ/GNCSIMZMKN/build/legacy-reproduction/runs/r0-leg-001-20260810-07/deps/eigen-install/include/eigen3/Eigen/src/Geometry/AlignedBox.h
-- Installing: C:/Users/ZBY/Desktop/YYZ/GNCSIMZMKN/build/legacy-reproduction/runs/r0-leg-001-20260810-07/deps/eigen-install/include/eigen3/Eigen/src/Geometry/AngleAxis.h
-- Installing: C:/Users/ZBY/Desktop/YYZ/GNCSIMZMKN/build/legacy-reproduction/runs/r0-leg-001-20260810-07/deps/eigen-install/include/eigen3/Eigen/src/Geometry/arch
-- Installing: C:/Users/ZBY/Desktop/YYZ/GNCSIMZMKN/build/legacy-reproduction/runs/r0-leg-001-20260810-07/deps/eigen-install/include/eigen3/Eigen/src/Geometry/arch/Geometry_SIMD.h
-- Installing: C:/Users/ZBY/Desktop/YYZ/GNCSIMZMKN/build/legacy-reproduction/runs/r0-leg-001-20260810-07/deps/eigen-install/include/eigen3/Eigen/src/Geometry/EulerAngles.h
-- Installing: C:/Users/ZBY/Desktop/YYZ/GNCSIMZMKN/build/legacy-reproduction/runs/r0-leg-001-20260810-07/deps/eigen-install/include/eigen3/Eigen/src/Geometry/Homogeneous.h
-- Installing: C:/Users/ZBY/Desktop/YYZ/GNCSIMZMKN/build/legacy-reproduction/runs/r0-leg-001-20260810-07/deps/eigen-install/include/eigen3/Eigen/src/Geometry/Hyperplane.h
-- Installing: C:/Users/ZBY/Desktop/YYZ/GNCSIMZMKN/build/legacy-reproduction/runs/r0-leg-001-20260810-07/deps/eigen-install/include/eigen3/Eigen/src/Geometry/OrthoMethods.h
-- Installing: C:/Users/ZBY/Desktop/YYZ/GNCSIMZMKN/build/legacy-reproduction/runs/r0-leg-001-20260810-07/deps/eigen-install/include/eigen3/Eigen/src/Geometry/ParametrizedLine.h
-- Installing: C:/Users/ZBY/Desktop/YYZ/GNCSIMZMKN/build/legacy-reproduction/runs/r0-leg-001-20260810-07/deps/eigen-install/include/eigen3/Eigen/src/Geometry/Quaternion.h
-- Installing: C:/Users/ZBY/Desktop/YYZ/GNCSIMZMKN/build/legacy-reproduction/runs/r0-leg-001-20260810-07/deps/eigen-install/include/eigen3/Eigen/src/Geometry/Rotation2D.h
-- Installing: C:/Users/ZBY/Desktop/YYZ/GNCSIMZMKN/build/legacy-reproduction/runs/r0-leg-001-20260810-07/deps/eigen-install/include/eigen3/Eigen/src/Geometry/RotationBase.h
-- Installing: C:/Users/ZBY/Desktop/YYZ/GNCSIMZMKN/build/legacy-reproduction/runs/r0-leg-001-20260810-07/deps/eigen-install/include/eigen3/Eigen/src/Geometry/Scaling.h
-- Installing: C:/Users/ZBY/Desktop/YYZ/GNCSIMZMKN/build/legacy-reproduction/runs/r0-leg-001-20260810-07/deps/eigen-install/include/eigen3/Eigen/src/Geometry/Transform.h
-- Installing: C:/Users/ZBY/Desktop/YYZ/GNCSIMZMKN/build/legacy-reproduction/runs/r0-leg-001-20260810-07/deps/eigen-install/include/eigen3/Eigen/src/Geometry/Translation.h
-- Installing: C:/Users/ZBY/Desktop/YYZ/GNCSIMZMKN/build/legacy-reproduction/runs/r0-leg-001-20260810-07/deps/eigen-install/include/eigen3/Eigen/src/Geometry/Umeyama.h
-- Installing: C:/Users/ZBY/Desktop/YYZ/GNCSIMZMKN/build/legacy-reproduction/runs/r0-leg-001-20260810-07/deps/eigen-install/include/eigen3/Eigen/src/Householder
-- Installing: C:/Users/ZBY/Desktop/YYZ/GNCSIMZMKN/build/legacy-reproduction/runs/r0-leg-001-20260810-07/deps/eigen-install/include/eigen3/Eigen/src/Householder/BlockHouseholder.h
-- Installing: C:/Users/ZBY/Desktop/YYZ/GNCSIMZMKN/build/legacy-reproduction/runs/r0-leg-001-20260810-07/deps/eigen-install/include/eigen3/Eigen/src/Householder/Householder.h
-- Installing: C:/Users/ZBY/Desktop/YYZ/GNCSIMZMKN/build/legacy-reproduction/runs/r0-leg-001-20260810-07/deps/eigen-install/include/eigen3/Eigen/src/Householder/HouseholderSequence.h
-- Installing: C:/Users/ZBY/Desktop/YYZ/GNCSIMZMKN/build/legacy-reproduction/runs/r0-leg-001-20260810-07/deps/eigen-install/include/eigen3/Eigen/src/IterativeLinearSolvers
-- Installing: C:/Users/ZBY/Desktop/YYZ/GNCSIMZMKN/build/legacy-reproduction/runs/r0-leg-001-20260810-07/deps/eigen-install/include/eigen3/Eigen/src/IterativeLinearSolvers/BasicPreconditioners.h
-- Installing: C:/Users/ZBY/Desktop/YYZ/GNCSIMZMKN/build/legacy-reproduction/runs/r0-leg-001-20260810-07/deps/eigen-install/include/eigen3/Eigen/src/IterativeLinearSolvers/BiCGSTAB.h
-- Installing: C:/Users/ZBY/Desktop/YYZ/GNCSIMZMKN/build/legacy-reproduction/runs/r0-leg-001-20260810-07/deps/eigen-install/include/eigen3/Eigen/src/IterativeLinearSolvers/ConjugateGradient.h
-- Installing: C:/Users/ZBY/Desktop/YYZ/GNCSIMZMKN/build/legacy-reproduction/runs/r0-leg-001-20260810-07/deps/eigen-install/include/eigen3/Eigen/src/IterativeLinearSolvers/IncompleteCholesky.h
-- Installing: C:/Users/ZBY/Desktop/YYZ/GNCSIMZMKN/build/legacy-reproduction/runs/r0-leg-001-20260810-07/deps/eigen-install/include/eigen3/Eigen/src/IterativeLinearSolvers/IncompleteLUT.h
-- Installing: C:/Users/ZBY/Desktop/YYZ/GNCSIMZMKN/build/legacy-reproduction/runs/r0-leg-001-20260810-07/deps/eigen-install/include/eigen3/Eigen/src/IterativeLinearSolvers/IterativeSolverBase.h
-- Installing: C:/Users/ZBY/Desktop/YYZ/GNCSIMZMKN/build/legacy-reproduction/runs/r0-leg-001-20260810-07/deps/eigen-install/include/eigen3/Eigen/src/IterativeLinearSolvers/LeastSquareConjugateGradient.h
-- Installing: C:/Users/ZBY/Desktop/YYZ/GNCSIMZMKN/build/legacy-reproduction/runs/r0-leg-001-20260810-07/deps/eigen-install/include/eigen3/Eigen/src/IterativeLinearSolvers/SolveWithGuess.h
-- Installing: C:/Users/ZBY/Desktop/YYZ/GNCSIMZMKN/build/legacy-reproduction/runs/r0-leg-001-20260810-07/deps/eigen-install/include/eigen3/Eigen/src/Jacobi
-- Installing: C:/Users/ZBY/Desktop/YYZ/GNCSIMZMKN/build/legacy-reproduction/runs/r0-leg-001-20260810-07/deps/eigen-install/include/eigen3/Eigen/src/Jacobi/Jacobi.h
-- Installing: C:/Users/ZBY/Desktop/YYZ/GNCSIMZMKN/build/legacy-reproduction/runs/r0-leg-001-20260810-07/deps/eigen-install/include/eigen3/Eigen/src/KLUSupport
-- Installing: C:/Users/ZBY/Desktop/YYZ/GNCSIMZMKN/build/legacy-reproduction/runs/r0-leg-001-20260810-07/deps/eigen-install/include/eigen3/Eigen/src/KLUSupport/KLUSupport.h
-- Installing: C:/Users/ZBY/Desktop/YYZ/GNCSIMZMKN/build/legacy-reproduction/runs/r0-leg-001-20260810-07/deps/eigen-install/include/eigen3/Eigen/src/LU
-- Installing: C:/Users/ZBY/Desktop/YYZ/GNCSIMZMKN/build/legacy-reproduction/runs/r0-leg-001-20260810-07/deps/eigen-install/include/eigen3/Eigen/src/LU/arch
-- Installing: C:/Users/ZBY/Desktop/YYZ/GNCSIMZMKN/build/legacy-reproduction/runs/r0-leg-001-20260810-07/deps/eigen-install/include/eigen3/Eigen/src/LU/arch/InverseSize4.h
-- Installing: C:/Users/ZBY/Desktop/YYZ/GNCSIMZMKN/build/legacy-reproduction/runs/r0-leg-001-20260810-07/deps/eigen-install/include/eigen3/Eigen/src/LU/Determinant.h
-- Installing: C:/Users/ZBY/Desktop/YYZ/GNCSIMZMKN/build/legacy-reproduction/runs/r0-leg-001-20260810-07/deps/eigen-install/include/eigen3/Eigen/src/LU/FullPivLU.h
-- Installing: C:/Users/ZBY/Desktop/YYZ/GNCSIMZMKN/build/legacy-reproduction/runs/r0-leg-001-20260810-07/deps/eigen-install/include/eigen3/Eigen/src/LU/InverseImpl.h
-- Installing: C:/Users/ZBY/Desktop/YYZ/GNCSIMZMKN/build/legacy-reproduction/runs/r0-leg-001-20260810-07/deps/eigen-install/include/eigen3/Eigen/src/LU/PartialPivLU.h
-- Installing: C:/Users/ZBY/Desktop/YYZ/GNCSIMZMKN/build/legacy-reproduction/runs/r0-leg-001-20260810-07/deps/eigen-install/include/eigen3/Eigen/src/LU/PartialPivLU_LAPACKE.h
-- Installing: C:/Users/ZBY/Desktop/YYZ/GNCSIMZMKN/build/legacy-reproduction/runs/r0-leg-001-20260810-07/deps/eigen-install/include/eigen3/Eigen/src/MetisSupport
-- Installing: C:/Users/ZBY/Desktop/YYZ/GNCSIMZMKN/build/legacy-reproduction/runs/r0-leg-001-20260810-07/deps/eigen-install/include/eigen3/Eigen/src/MetisSupport/MetisSupport.h
-- Installing: C:/Users/ZBY/Desktop/YYZ/GNCSIMZMKN/build/legacy-reproduction/runs/r0-leg-001-20260810-07/deps/eigen-install/include/eigen3/Eigen/src/misc
-- Installing: C:/Users/ZBY/Desktop/YYZ/GNCSIMZMKN/build/legacy-reproduction/runs/r0-leg-001-20260810-07/deps/eigen-install/include/eigen3/Eigen/src/misc/blas.h
-- Installing: C:/Users/ZBY/Desktop/YYZ/GNCSIMZMKN/build/legacy-reproduction/runs/r0-leg-001-20260810-07/deps/eigen-install/include/eigen3/Eigen/src/misc/Image.h
-- Installing: C:/Users/ZBY/Desktop/YYZ/GNCSIMZMKN/build/legacy-reproduction/runs/r0-leg-001-20260810-07/deps/eigen-install/include/eigen3/Eigen/src/misc/Kernel.h
-- Installing: C:/Users/ZBY/Desktop/YYZ/GNCSIMZMKN/build/legacy-reproduction/runs/r0-leg-001-20260810-07/deps/eigen-install/include/eigen3/Eigen/src/misc/lapack.h
-- Installing: C:/Users/ZBY/Desktop/YYZ/GNCSIMZMKN/build/legacy-reproduction/runs/r0-leg-001-20260810-07/deps/eigen-install/include/eigen3/Eigen/src/misc/lapacke.h
-- Installing: C:/Users/ZBY/Desktop/YYZ/GNCSIMZMKN/build/legacy-reproduction/runs/r0-leg-001-20260810-07/deps/eigen-install/include/eigen3/Eigen/src/misc/lapacke_mangling.h
-- Installing: C:/Users/ZBY/Desktop/YYZ/GNCSIMZMKN/build/legacy-reproduction/runs/r0-leg-001-20260810-07/deps/eigen-install/include/eigen3/Eigen/src/misc/RealSvd2x2.h
-- Installing: C:/Users/ZBY/Desktop/YYZ/GNCSIMZMKN/build/legacy-reproduction/runs/r0-leg-001-20260810-07/deps/eigen-install/include/eigen3/Eigen/src/OrderingMethods
-- Installing: C:/Users/ZBY/Desktop/YYZ/GNCSIMZMKN/build/legacy-reproduction/runs/r0-leg-001-20260810-07/deps/eigen-install/include/eigen3/Eigen/src/OrderingMethods/Amd.h
-- Installing: C:/Users/ZBY/Desktop/YYZ/GNCSIMZMKN/build/legacy-reproduction/runs/r0-leg-001-20260810-07/deps/eigen-install/include/eigen3/Eigen/src/OrderingMethods/Eigen_Colamd.h
-- Installing: C:/Users/ZBY/Desktop/YYZ/GNCSIMZMKN/build/legacy-reproduction/runs/r0-leg-001-20260810-07/deps/eigen-install/include/eigen3/Eigen/src/OrderingMethods/Ordering.h
-- Installing: C:/Users/ZBY/Desktop/YYZ/GNCSIMZMKN/build/legacy-reproduction/runs/r0-leg-001-20260810-07/deps/eigen-install/include/eigen3/Eigen/src/PardisoSupport
-- Installing: C:/Users/ZBY/Desktop/YYZ/GNCSIMZMKN/build/legacy-reproduction/runs/r0-leg-001-20260810-07/deps/eigen-install/include/eigen3/Eigen/src/PardisoSupport/PardisoSupport.h
-- Installing: C:/Users/ZBY/Desktop/YYZ/GNCSIMZMKN/build/legacy-reproduction/runs/r0-leg-001-20260810-07/deps/eigen-install/include/eigen3/Eigen/src/PaStiXSupport
-- Installing: C:/Users/ZBY/Desktop/YYZ/GNCSIMZMKN/build/legacy-reproduction/runs/r0-leg-001-20260810-07/deps/eigen-install/include/eigen3/Eigen/src/PaStiXSupport/PaStiXSupport.h
-- Installing: C:/Users/ZBY/Desktop/YYZ/GNCSIMZMKN/build/legacy-reproduction/runs/r0-leg-001-20260810-07/deps/eigen-install/include/eigen3/Eigen/src/plugins
-- Installing: C:/Users/ZBY/Desktop/YYZ/GNCSIMZMKN/build/legacy-reproduction/runs/r0-leg-001-20260810-07/deps/eigen-install/include/eigen3/Eigen/src/plugins/ArrayCwiseBinaryOps.h
-- Installing: C:/Users/ZBY/Desktop/YYZ/GNCSIMZMKN/build/legacy-reproduction/runs/r0-leg-001-20260810-07/deps/eigen-install/include/eigen3/Eigen/src/plugins/ArrayCwiseUnaryOps.h
-- Installing: C:/Users/ZBY/Desktop/YYZ/GNCSIMZMKN/build/legacy-reproduction/runs/r0-leg-001-20260810-07/deps/eigen-install/include/eigen3/Eigen/src/plugins/BlockMethods.h
-- Installing: C:/Users/ZBY/Desktop/YYZ/GNCSIMZMKN/build/legacy-reproduction/runs/r0-leg-001-20260810-07/deps/eigen-install/include/eigen3/Eigen/src/plugins/CommonCwiseBinaryOps.h
-- Installing: C:/Users/ZBY/Desktop/YYZ/GNCSIMZMKN/build/legacy-reproduction/runs/r0-leg-001-20260810-07/deps/eigen-install/include/eigen3/Eigen/src/plugins/CommonCwiseUnaryOps.h
-- Installing: C:/Users/ZBY/Desktop/YYZ/GNCSIMZMKN/build/legacy-reproduction/runs/r0-leg-001-20260810-07/deps/eigen-install/include/eigen3/Eigen/src/plugins/IndexedViewMethods.h
-- Installing: C:/Users/ZBY/Desktop/YYZ/GNCSIMZMKN/build/legacy-reproduction/runs/r0-leg-001-20260810-07/deps/eigen-install/include/eigen3/Eigen/src/plugins/MatrixCwiseBinaryOps.h
-- Installing: C:/Users/ZBY/Desktop/YYZ/GNCSIMZMKN/build/legacy-reproduction/runs/r0-leg-001-20260810-07/deps/eigen-install/include/eigen3/Eigen/src/plugins/MatrixCwiseUnaryOps.h
-- Installing: C:/Users/ZBY/Desktop/YYZ/GNCSIMZMKN/build/legacy-reproduction/runs/r0-leg-001-20260810-07/deps/eigen-install/include/eigen3/Eigen/src/plugins/ReshapedMethods.h
-- Installing: C:/Users/ZBY/Desktop/YYZ/GNCSIMZMKN/build/legacy-reproduction/runs/r0-leg-001-20260810-07/deps/eigen-install/include/eigen3/Eigen/src/QR
-- Installing: C:/Users/ZBY/Desktop/YYZ/GNCSIMZMKN/build/legacy-reproduction/runs/r0-leg-001-20260810-07/deps/eigen-install/include/eigen3/Eigen/src/QR/ColPivHouseholderQR.h
-- Installing: C:/Users/ZBY/Desktop/YYZ/GNCSIMZMKN/build/legacy-reproduction/runs/r0-leg-001-20260810-07/deps/eigen-install/include/eigen3/Eigen/src/QR/ColPivHouseholderQR_LAPACKE.h
-- Installing: C:/Users/ZBY/Desktop/YYZ/GNCSIMZMKN/build/legacy-reproduction/runs/r0-leg-001-20260810-07/deps/eigen-install/include/eigen3/Eigen/src/QR/CompleteOrthogonalDecomposition.h
-- Installing: C:/Users/ZBY/Desktop/YYZ/GNCSIMZMKN/build/legacy-reproduction/runs/r0-leg-001-20260810-07/deps/eigen-install/include/eigen3/Eigen/src/QR/FullPivHouseholderQR.h
-- Installing: C:/Users/ZBY/Desktop/YYZ/GNCSIMZMKN/build/legacy-reproduction/runs/r0-leg-001-20260810-07/deps/eigen-install/include/eigen3/Eigen/src/QR/HouseholderQR.h
-- Installing: C:/Users/ZBY/Desktop/YYZ/GNCSIMZMKN/build/legacy-reproduction/runs/r0-leg-001-20260810-07/deps/eigen-install/include/eigen3/Eigen/src/QR/HouseholderQR_LAPACKE.h
-- Installing: C:/Users/ZBY/Desktop/YYZ/GNCSIMZMKN/build/legacy-reproduction/runs/r0-leg-001-20260810-07/deps/eigen-install/include/eigen3/Eigen/src/SparseCholesky
-- Installing: C:/Users/ZBY/Desktop/YYZ/GNCSIMZMKN/build/legacy-reproduction/runs/r0-leg-001-20260810-07/deps/eigen-install/include/eigen3/Eigen/src/SparseCholesky/SimplicialCholesky.h
-- Installing: C:/Users/ZBY/Desktop/YYZ/GNCSIMZMKN/build/legacy-reproduction/runs/r0-leg-001-20260810-07/deps/eigen-install/include/eigen3/Eigen/src/SparseCholesky/SimplicialCholesky_impl.h
-- Installing: C:/Users/ZBY/Desktop/YYZ/GNCSIMZMKN/build/legacy-reproduction/runs/r0-leg-001-20260810-07/deps/eigen-install/include/eigen3/Eigen/src/SparseCore
-- Installing: C:/Users/ZBY/Desktop/YYZ/GNCSIMZMKN/build/legacy-reproduction/runs/r0-leg-001-20260810-07/deps/eigen-install/include/eigen3/Eigen/src/SparseCore/AmbiVector.h
-- Installing: C:/Users/ZBY/Desktop/YYZ/GNCSIMZMKN/build/legacy-reproduction/runs/r0-leg-001-20260810-07/deps/eigen-install/include/eigen3/Eigen/src/SparseCore/CompressedStorage.h
-- Installing: C:/Users/ZBY/Desktop/YYZ/GNCSIMZMKN/build/legacy-reproduction/runs/r0-leg-001-20260810-07/deps/eigen-install/include/eigen3/Eigen/src/SparseCore/ConservativeSparseSparseProduct.h
-- Installing: C:/Users/ZBY/Desktop/YYZ/GNCSIMZMKN/build/legacy-reproduction/runs/r0-leg-001-20260810-07/deps/eigen-install/include/eigen3/Eigen/src/SparseCore/MappedSparseMatrix.h
-- Installing: C:/Users/ZBY/Desktop/YYZ/GNCSIMZMKN/build/legacy-reproduction/runs/r0-leg-001-20260810-07/deps/eigen-install/include/eigen3/Eigen/src/SparseCore/SparseAssign.h
-- Installing: C:/Users/ZBY/Desktop/YYZ/GNCSIMZMKN/build/legacy-reproduction/runs/r0-leg-001-20260810-07/deps/eigen-install/include/eigen3/Eigen/src/SparseCore/SparseBlock.h
-- Installing: C:/Users/ZBY/Desktop/YYZ/GNCSIMZMKN/build/legacy-reproduction/runs/r0-leg-001-20260810-07/deps/eigen-install/include/eigen3/Eigen/src/SparseCore/SparseColEtree.h
-- Installing: C:/Users/ZBY/Desktop/YYZ/GNCSIMZMKN/build/legacy-reproduction/runs/r0-leg-001-20260810-07/deps/eigen-install/include/eigen3/Eigen/src/SparseCore/SparseCompressedBase.h
-- Installing: C:/Users/ZBY/Desktop/YYZ/GNCSIMZMKN/build/legacy-reproduction/runs/r0-leg-001-20260810-07/deps/eigen-install/include/eigen3/Eigen/src/SparseCore/SparseCwiseBinaryOp.h
-- Installing: C:/Users/ZBY/Desktop/YYZ/GNCSIMZMKN/build/legacy-reproduction/runs/r0-leg-001-20260810-07/deps/eigen-install/include/eigen3/Eigen/src/SparseCore/SparseCwiseUnaryOp.h
-- Installing: C:/Users/ZBY/Desktop/YYZ/GNCSIMZMKN/build/legacy-reproduction/runs/r0-leg-001-20260810-07/deps/eigen-install/include/eigen3/Eigen/src/SparseCore/SparseDenseProduct.h
-- Installing: C:/Users/ZBY/Desktop/YYZ/GNCSIMZMKN/build/legacy-reproduction/runs/r0-leg-001-20260810-07/deps/eigen-install/include/eigen3/Eigen/src/SparseCore/SparseDiagonalProduct.h
-- Installing: C:/Users/ZBY/Desktop/YYZ/GNCSIMZMKN/build/legacy-reproduction/runs/r0-leg-001-20260810-07/deps/eigen-install/include/eigen3/Eigen/src/SparseCore/SparseDot.h
-- Installing: C:/Users/ZBY/Desktop/YYZ/GNCSIMZMKN/build/legacy-reproduction/runs/r0-leg-001-20260810-07/deps/eigen-install/include/eigen3/Eigen/src/SparseCore/SparseFuzzy.h
-- Installing: C:/Users/ZBY/Desktop/YYZ/GNCSIMZMKN/build/legacy-reproduction/runs/r0-leg-001-20260810-07/deps/eigen-install/include/eigen3/Eigen/src/SparseCore/SparseMap.h
-- Installing: C:/Users/ZBY/Desktop/YYZ/GNCSIMZMKN/build/legacy-reproduction/runs/r0-leg-001-20260810-07/deps/eigen-install/include/eigen3/Eigen/src/SparseCore/SparseMatrix.h
-- Installing: C:/Users/ZBY/Desktop/YYZ/GNCSIMZMKN/build/legacy-reproduction/runs/r0-leg-001-20260810-07/deps/eigen-install/include/eigen3/Eigen/src/SparseCore/SparseMatrixBase.h
-- Installing: C:/Users/ZBY/Desktop/YYZ/GNCSIMZMKN/build/legacy-reproduction/runs/r0-leg-001-20260810-07/deps/eigen-install/include/eigen3/Eigen/src/SparseCore/SparsePermutation.h
-- Installing: C:/Users/ZBY/Desktop/YYZ/GNCSIMZMKN/build/legacy-reproduction/runs/r0-leg-001-20260810-07/deps/eigen-install/include/eigen3/Eigen/src/SparseCore/SparseProduct.h
-- Installing: C:/Users/ZBY/Desktop/YYZ/GNCSIMZMKN/build/legacy-reproduction/runs/r0-leg-001-20260810-07/deps/eigen-install/include/eigen3/Eigen/src/SparseCore/SparseRedux.h
-- Installing: C:/Users/ZBY/Desktop/YYZ/GNCSIMZMKN/build/legacy-reproduction/runs/r0-leg-001-20260810-07/deps/eigen-install/include/eigen3/Eigen/src/SparseCore/SparseRef.h
-- Installing: C:/Users/ZBY/Desktop/YYZ/GNCSIMZMKN/build/legacy-reproduction/runs/r0-leg-001-20260810-07/deps/eigen-install/include/eigen3/Eigen/src/SparseCore/SparseSelfAdjointView.h
-- Installing: C:/Users/ZBY/Desktop/YYZ/GNCSIMZMKN/build/legacy-reproduction/runs/r0-leg-001-20260810-07/deps/eigen-install/include/eigen3/Eigen/src/SparseCore/SparseSolverBase.h
-- Installing: C:/Users/ZBY/Desktop/YYZ/GNCSIMZMKN/build/legacy-reproduction/runs/r0-leg-001-20260810-07/deps/eigen-install/include/eigen3/Eigen/src/SparseCore/SparseSparseProductWithPruning.h
-- Installing: C:/Users/ZBY/Desktop/YYZ/GNCSIMZMKN/build/legacy-reproduction/runs/r0-leg-001-20260810-07/deps/eigen-install/include/eigen3/Eigen/src/SparseCore/SparseTranspose.h
-- Installing: C:/Users/ZBY/Desktop/YYZ/GNCSIMZMKN/build/legacy-reproduction/runs/r0-leg-001-20260810-07/deps/eigen-install/include/eigen3/Eigen/src/SparseCore/SparseTriangularView.h
-- Installing: C:/Users/ZBY/Desktop/YYZ/GNCSIMZMKN/build/legacy-reproduction/runs/r0-leg-001-20260810-07/deps/eigen-install/include/eigen3/Eigen/src/SparseCore/SparseUtil.h
-- Installing: C:/Users/ZBY/Desktop/YYZ/GNCSIMZMKN/build/legacy-reproduction/runs/r0-leg-001-20260810-07/deps/eigen-install/include/eigen3/Eigen/src/SparseCore/SparseVector.h
-- Installing: C:/Users/ZBY/Desktop/YYZ/GNCSIMZMKN/build/legacy-reproduction/runs/r0-leg-001-20260810-07/deps/eigen-install/include/eigen3/Eigen/src/SparseCore/SparseView.h
-- Installing: C:/Users/ZBY/Desktop/YYZ/GNCSIMZMKN/build/legacy-reproduction/runs/r0-leg-001-20260810-07/deps/eigen-install/include/eigen3/Eigen/src/SparseCore/TriangularSolver.h
-- Installing: C:/Users/ZBY/Desktop/YYZ/GNCSIMZMKN/build/legacy-reproduction/runs/r0-leg-001-20260810-07/deps/eigen-install/include/eigen3/Eigen/src/SparseLU
-- Installing: C:/Users/ZBY/Desktop/YYZ/GNCSIMZMKN/build/legacy-reproduction/runs/r0-leg-001-20260810-07/deps/eigen-install/include/eigen3/Eigen/src/SparseLU/SparseLU.h
-- Installing: C:/Users/ZBY/Desktop/YYZ/GNCSIMZMKN/build/legacy-reproduction/runs/r0-leg-001-20260810-07/deps/eigen-install/include/eigen3/Eigen/src/SparseLU/SparseLUImpl.h
-- Installing: C:/Users/ZBY/Desktop/YYZ/GNCSIMZMKN/build/legacy-reproduction/runs/r0-leg-001-20260810-07/deps/eigen-install/include/eigen3/Eigen/src/SparseLU/SparseLU_column_bmod.h
-- Installing: C:/Users/ZBY/Desktop/YYZ/GNCSIMZMKN/build/legacy-reproduction/runs/r0-leg-001-20260810-07/deps/eigen-install/include/eigen3/Eigen/src/SparseLU/SparseLU_column_dfs.h
-- Installing: C:/Users/ZBY/Desktop/YYZ/GNCSIMZMKN/build/legacy-reproduction/runs/r0-leg-001-20260810-07/deps/eigen-install/include/eigen3/Eigen/src/SparseLU/SparseLU_copy_to_ucol.h
-- Installing: C:/Users/ZBY/Desktop/YYZ/GNCSIMZMKN/build/legacy-reproduction/runs/r0-leg-001-20260810-07/deps/eigen-install/include/eigen3/Eigen/src/SparseLU/SparseLU_gemm_kernel.h
-- Installing: C:/Users/ZBY/Desktop/YYZ/GNCSIMZMKN/build/legacy-reproduction/runs/r0-leg-001-20260810-07/deps/eigen-install/include/eigen3/Eigen/src/SparseLU/SparseLU_heap_relax_snode.h
-- Installing: C:/Users/ZBY/Desktop/YYZ/GNCSIMZMKN/build/legacy-reproduction/runs/r0-leg-001-20260810-07/deps/eigen-install/include/eigen3/Eigen/src/SparseLU/SparseLU_kernel_bmod.h
-- Installing: C:/Users/ZBY/Desktop/YYZ/GNCSIMZMKN/build/legacy-reproduction/runs/r0-leg-001-20260810-07/deps/eigen-install/include/eigen3/Eigen/src/SparseLU/SparseLU_Memory.h
-- Installing: C:/Users/ZBY/Desktop/YYZ/GNCSIMZMKN/build/legacy-reproduction/runs/r0-leg-001-20260810-07/deps/eigen-install/include/eigen3/Eigen/src/SparseLU/SparseLU_panel_bmod.h
-- Installing: C:/Users/ZBY/Desktop/YYZ/GNCSIMZMKN/build/legacy-reproduction/runs/r0-leg-001-20260810-07/deps/eigen-install/include/eigen3/Eigen/src/SparseLU/SparseLU_panel_dfs.h
-- Installing: C:/Users/ZBY/Desktop/YYZ/GNCSIMZMKN/build/legacy-reproduction/runs/r0-leg-001-20260810-07/deps/eigen-install/include/eigen3/Eigen/src/SparseLU/SparseLU_pivotL.h
-- Installing: C:/Users/ZBY/Desktop/YYZ/GNCSIMZMKN/build/legacy-reproduction/runs/r0-leg-001-20260810-07/deps/eigen-install/include/eigen3/Eigen/src/SparseLU/SparseLU_pruneL.h
-- Installing: C:/Users/ZBY/Desktop/YYZ/GNCSIMZMKN/build/legacy-reproduction/runs/r0-leg-001-20260810-07/deps/eigen-install/include/eigen3/Eigen/src/SparseLU/SparseLU_relax_snode.h
-- Installing: C:/Users/ZBY/Desktop/YYZ/GNCSIMZMKN/build/legacy-reproduction/runs/r0-leg-001-20260810-07/deps/eigen-install/include/eigen3/Eigen/src/SparseLU/SparseLU_Structs.h
-- Installing: C:/Users/ZBY/Desktop/YYZ/GNCSIMZMKN/build/legacy-reproduction/runs/r0-leg-001-20260810-07/deps/eigen-install/include/eigen3/Eigen/src/SparseLU/SparseLU_SupernodalMatrix.h
-- Installing: C:/Users/ZBY/Desktop/YYZ/GNCSIMZMKN/build/legacy-reproduction/runs/r0-leg-001-20260810-07/deps/eigen-install/include/eigen3/Eigen/src/SparseLU/SparseLU_Utils.h
-- Installing: C:/Users/ZBY/Desktop/YYZ/GNCSIMZMKN/build/legacy-reproduction/runs/r0-leg-001-20260810-07/deps/eigen-install/include/eigen3/Eigen/src/SparseQR
-- Installing: C:/Users/ZBY/Desktop/YYZ/GNCSIMZMKN/build/legacy-reproduction/runs/r0-leg-001-20260810-07/deps/eigen-install/include/eigen3/Eigen/src/SparseQR/SparseQR.h
-- Installing: C:/Users/ZBY/Desktop/YYZ/GNCSIMZMKN/build/legacy-reproduction/runs/r0-leg-001-20260810-07/deps/eigen-install/include/eigen3/Eigen/src/SPQRSupport
-- Installing: C:/Users/ZBY/Desktop/YYZ/GNCSIMZMKN/build/legacy-reproduction/runs/r0-leg-001-20260810-07/deps/eigen-install/include/eigen3/Eigen/src/SPQRSupport/SuiteSparseQRSupport.h
-- Installing: C:/Users/ZBY/Desktop/YYZ/GNCSIMZMKN/build/legacy-reproduction/runs/r0-leg-001-20260810-07/deps/eigen-install/include/eigen3/Eigen/src/StlSupport
-- Installing: C:/Users/ZBY/Desktop/YYZ/GNCSIMZMKN/build/legacy-reproduction/runs/r0-leg-001-20260810-07/deps/eigen-install/include/eigen3/Eigen/src/StlSupport/details.h
-- Installing: C:/Users/ZBY/Desktop/YYZ/GNCSIMZMKN/build/legacy-reproduction/runs/r0-leg-001-20260810-07/deps/eigen-install/include/eigen3/Eigen/src/StlSupport/StdDeque.h
-- Installing: C:/Users/ZBY/Desktop/YYZ/GNCSIMZMKN/build/legacy-reproduction/runs/r0-leg-001-20260810-07/deps/eigen-install/include/eigen3/Eigen/src/StlSupport/StdList.h
-- Installing: C:/Users/ZBY/Desktop/YYZ/GNCSIMZMKN/build/legacy-reproduction/runs/r0-leg-001-20260810-07/deps/eigen-install/include/eigen3/Eigen/src/StlSupport/StdVector.h
-- Installing: C:/Users/ZBY/Desktop/YYZ/GNCSIMZMKN/build/legacy-reproduction/runs/r0-leg-001-20260810-07/deps/eigen-install/include/eigen3/Eigen/src/SuperLUSupport
-- Installing: C:/Users/ZBY/Desktop/YYZ/GNCSIMZMKN/build/legacy-reproduction/runs/r0-leg-001-20260810-07/deps/eigen-install/include/eigen3/Eigen/src/SuperLUSupport/SuperLUSupport.h
-- Installing: C:/Users/ZBY/Desktop/YYZ/GNCSIMZMKN/build/legacy-reproduction/runs/r0-leg-001-20260810-07/deps/eigen-install/include/eigen3/Eigen/src/SVD
-- Installing: C:/Users/ZBY/Desktop/YYZ/GNCSIMZMKN/build/legacy-reproduction/runs/r0-leg-001-20260810-07/deps/eigen-install/include/eigen3/Eigen/src/SVD/BDCSVD.h
-- Installing: C:/Users/ZBY/Desktop/YYZ/GNCSIMZMKN/build/legacy-reproduction/runs/r0-leg-001-20260810-07/deps/eigen-install/include/eigen3/Eigen/src/SVD/JacobiSVD.h
-- Installing: C:/Users/ZBY/Desktop/YYZ/GNCSIMZMKN/build/legacy-reproduction/runs/r0-leg-001-20260810-07/deps/eigen-install/include/eigen3/Eigen/src/SVD/JacobiSVD_LAPACKE.h
-- Installing: C:/Users/ZBY/Desktop/YYZ/GNCSIMZMKN/build/legacy-reproduction/runs/r0-leg-001-20260810-07/deps/eigen-install/include/eigen3/Eigen/src/SVD/SVDBase.h
-- Installing: C:/Users/ZBY/Desktop/YYZ/GNCSIMZMKN/build/legacy-reproduction/runs/r0-leg-001-20260810-07/deps/eigen-install/include/eigen3/Eigen/src/SVD/UpperBidiagonalization.h
-- Installing: C:/Users/ZBY/Desktop/YYZ/GNCSIMZMKN/build/legacy-reproduction/runs/r0-leg-001-20260810-07/deps/eigen-install/include/eigen3/Eigen/src/UmfPackSupport
-- Installing: C:/Users/ZBY/Desktop/YYZ/GNCSIMZMKN/build/legacy-reproduction/runs/r0-leg-001-20260810-07/deps/eigen-install/include/eigen3/Eigen/src/UmfPackSupport/UmfPackSupport.h
-- Installing: C:/Users/ZBY/Desktop/YYZ/GNCSIMZMKN/build/legacy-reproduction/runs/r0-leg-001-20260810-07/deps/eigen-install/include/eigen3/Eigen/StdDeque
-- Installing: C:/Users/ZBY/Desktop/YYZ/GNCSIMZMKN/build/legacy-reproduction/runs/r0-leg-001-20260810-07/deps/eigen-install/include/eigen3/Eigen/StdList
-- Installing: C:/Users/ZBY/Desktop/YYZ/GNCSIMZMKN/build/legacy-reproduction/runs/r0-leg-001-20260810-07/deps/eigen-install/include/eigen3/Eigen/StdVector
-- Installing: C:/Users/ZBY/Desktop/YYZ/GNCSIMZMKN/build/legacy-reproduction/runs/r0-leg-001-20260810-07/deps/eigen-install/include/eigen3/Eigen/SuperLUSupport
-- Installing: C:/Users/ZBY/Desktop/YYZ/GNCSIMZMKN/build/legacy-reproduction/runs/r0-leg-001-20260810-07/deps/eigen-install/include/eigen3/Eigen/SVD
-- Installing: C:/Users/ZBY/Desktop/YYZ/GNCSIMZMKN/build/legacy-reproduction/runs/r0-leg-001-20260810-07/deps/eigen-install/include/eigen3/Eigen/UmfPackSupport
-- Installing: C:/Users/ZBY/Desktop/YYZ/GNCSIMZMKN/build/legacy-reproduction/runs/r0-leg-001-20260810-07/deps/eigen-install/share/eigen3/cmake/Eigen3Targets.cmake
-- Installing: C:/Users/ZBY/Desktop/YYZ/GNCSIMZMKN/build/legacy-reproduction/runs/r0-leg-001-20260810-07/deps/eigen-install/share/eigen3/cmake/UseEigen3.cmake
-- Installing: C:/Users/ZBY/Desktop/YYZ/GNCSIMZMKN/build/legacy-reproduction/runs/r0-leg-001-20260810-07/deps/eigen-install/share/eigen3/cmake/Eigen3Config.cmake
-- Installing: C:/Users/ZBY/Desktop/YYZ/GNCSIMZMKN/build/legacy-reproduction/runs/r0-leg-001-20260810-07/deps/eigen-install/share/eigen3/cmake/Eigen3ConfigVersion.cmake
-- Installing: C:/Users/ZBY/Desktop/YYZ/GNCSIMZMKN/build/legacy-reproduction/runs/r0-leg-001-20260810-07/deps/eigen-install/include/eigen3/unsupported/Eigen/AdolcForward
-- Installing: C:/Users/ZBY/Desktop/YYZ/GNCSIMZMKN/build/legacy-reproduction/runs/r0-leg-001-20260810-07/deps/eigen-install/include/eigen3/unsupported/Eigen/AlignedVector3
-- Installing: C:/Users/ZBY/Desktop/YYZ/GNCSIMZMKN/build/legacy-reproduction/runs/r0-leg-001-20260810-07/deps/eigen-install/include/eigen3/unsupported/Eigen/ArpackSupport
-- Installing: C:/Users/ZBY/Desktop/YYZ/GNCSIMZMKN/build/legacy-reproduction/runs/r0-leg-001-20260810-07/deps/eigen-install/include/eigen3/unsupported/Eigen/AutoDiff
-- Installing: C:/Users/ZBY/Desktop/YYZ/GNCSIMZMKN/build/legacy-reproduction/runs/r0-leg-001-20260810-07/deps/eigen-install/include/eigen3/unsupported/Eigen/BVH
-- Installing: C:/Users/ZBY/Desktop/YYZ/GNCSIMZMKN/build/legacy-reproduction/runs/r0-leg-001-20260810-07/deps/eigen-install/include/eigen3/unsupported/Eigen/EulerAngles
-- Installing: C:/Users/ZBY/Desktop/YYZ/GNCSIMZMKN/build/legacy-reproduction/runs/r0-leg-001-20260810-07/deps/eigen-install/include/eigen3/unsupported/Eigen/FFT
-- Installing: C:/Users/ZBY/Desktop/YYZ/GNCSIMZMKN/build/legacy-reproduction/runs/r0-leg-001-20260810-07/deps/eigen-install/include/eigen3/unsupported/Eigen/IterativeSolvers
-- Installing: C:/Users/ZBY/Desktop/YYZ/GNCSIMZMKN/build/legacy-reproduction/runs/r0-leg-001-20260810-07/deps/eigen-install/include/eigen3/unsupported/Eigen/KroneckerProduct
-- Installing: C:/Users/ZBY/Desktop/YYZ/GNCSIMZMKN/build/legacy-reproduction/runs/r0-leg-001-20260810-07/deps/eigen-install/include/eigen3/unsupported/Eigen/LevenbergMarquardt
-- Installing: C:/Users/ZBY/Desktop/YYZ/GNCSIMZMKN/build/legacy-reproduction/runs/r0-leg-001-20260810-07/deps/eigen-install/include/eigen3/unsupported/Eigen/MatrixFunctions
-- Installing: C:/Users/ZBY/Desktop/YYZ/GNCSIMZMKN/build/legacy-reproduction/runs/r0-leg-001-20260810-07/deps/eigen-install/include/eigen3/unsupported/Eigen/MoreVectorization
-- Installing: C:/Users/ZBY/Desktop/YYZ/GNCSIMZMKN/build/legacy-reproduction/runs/r0-leg-001-20260810-07/deps/eigen-install/include/eigen3/unsupported/Eigen/MPRealSupport
-- Installing: C:/Users/ZBY/Desktop/YYZ/GNCSIMZMKN/build/legacy-reproduction/runs/r0-leg-001-20260810-07/deps/eigen-install/include/eigen3/unsupported/Eigen/NonLinearOptimization
-- Installing: C:/Users/ZBY/Desktop/YYZ/GNCSIMZMKN/build/legacy-reproduction/runs/r0-leg-001-20260810-07/deps/eigen-install/include/eigen3/unsupported/Eigen/NumericalDiff
-- Installing: C:/Users/ZBY/Desktop/YYZ/GNCSIMZMKN/build/legacy-reproduction/runs/r0-leg-001-20260810-07/deps/eigen-install/include/eigen3/unsupported/Eigen/OpenGLSupport
-- Installing: C:/Users/ZBY/Desktop/YYZ/GNCSIMZMKN/build/legacy-reproduction/runs/r0-leg-001-20260810-07/deps/eigen-install/include/eigen3/unsupported/Eigen/Polynomials
-- Installing: C:/Users/ZBY/Desktop/YYZ/GNCSIMZMKN/build/legacy-reproduction/runs/r0-leg-001-20260810-07/deps/eigen-install/include/eigen3/unsupported/Eigen/Skyline
-- Installing: C:/Users/ZBY/Desktop/YYZ/GNCSIMZMKN/build/legacy-reproduction/runs/r0-leg-001-20260810-07/deps/eigen-install/include/eigen3/unsupported/Eigen/SparseExtra
-- Installing: C:/Users/ZBY/Desktop/YYZ/GNCSIMZMKN/build/legacy-reproduction/runs/r0-leg-001-20260810-07/deps/eigen-install/include/eigen3/unsupported/Eigen/SpecialFunctions
-- Installing: C:/Users/ZBY/Desktop/YYZ/GNCSIMZMKN/build/legacy-reproduction/runs/r0-leg-001-20260810-07/deps/eigen-install/include/eigen3/unsupported/Eigen/Splines
-- Installing: C:/Users/ZBY/Desktop/YYZ/GNCSIMZMKN/build/legacy-reproduction/runs/r0-leg-001-20260810-07/deps/eigen-install/include/eigen3/unsupported/Eigen/src
-- Installing: C:/Users/ZBY/Desktop/YYZ/GNCSIMZMKN/build/legacy-reproduction/runs/r0-leg-001-20260810-07/deps/eigen-install/include/eigen3/unsupported/Eigen/src/AutoDiff
-- Installing: C:/Users/ZBY/Desktop/YYZ/GNCSIMZMKN/build/legacy-reproduction/runs/r0-leg-001-20260810-07/deps/eigen-install/include/eigen3/unsupported/Eigen/src/AutoDiff/AutoDiffJacobian.h
-- Installing: C:/Users/ZBY/Desktop/YYZ/GNCSIMZMKN/build/legacy-reproduction/runs/r0-leg-001-20260810-07/deps/eigen-install/include/eigen3/unsupported/Eigen/src/AutoDiff/AutoDiffScalar.h
-- Installing: C:/Users/ZBY/Desktop/YYZ/GNCSIMZMKN/build/legacy-reproduction/runs/r0-leg-001-20260810-07/deps/eigen-install/include/eigen3/unsupported/Eigen/src/AutoDiff/AutoDiffVector.h
-- Installing: C:/Users/ZBY/Desktop/YYZ/GNCSIMZMKN/build/legacy-reproduction/runs/r0-leg-001-20260810-07/deps/eigen-install/include/eigen3/unsupported/Eigen/src/BVH
-- Installing: C:/Users/ZBY/Desktop/YYZ/GNCSIMZMKN/build/legacy-reproduction/runs/r0-leg-001-20260810-07/deps/eigen-install/include/eigen3/unsupported/Eigen/src/BVH/BVAlgorithms.h
-- Installing: C:/Users/ZBY/Desktop/YYZ/GNCSIMZMKN/build/legacy-reproduction/runs/r0-leg-001-20260810-07/deps/eigen-install/include/eigen3/unsupported/Eigen/src/BVH/KdBVH.h
-- Installing: C:/Users/ZBY/Desktop/YYZ/GNCSIMZMKN/build/legacy-reproduction/runs/r0-leg-001-20260810-07/deps/eigen-install/include/eigen3/unsupported/Eigen/src/Eigenvalues
-- Installing: C:/Users/ZBY/Desktop/YYZ/GNCSIMZMKN/build/legacy-reproduction/runs/r0-leg-001-20260810-07/deps/eigen-install/include/eigen3/unsupported/Eigen/src/Eigenvalues/ArpackSelfAdjointEigenSolver.h
-- Installing: C:/Users/ZBY/Desktop/YYZ/GNCSIMZMKN/build/legacy-reproduction/runs/r0-leg-001-20260810-07/deps/eigen-install/include/eigen3/unsupported/Eigen/src/EulerAngles
-- Installing: C:/Users/ZBY/Desktop/YYZ/GNCSIMZMKN/build/legacy-reproduction/runs/r0-leg-001-20260810-07/deps/eigen-install/include/eigen3/unsupported/Eigen/src/EulerAngles/EulerAngles.h
-- Installing: C:/Users/ZBY/Desktop/YYZ/GNCSIMZMKN/build/legacy-reproduction/runs/r0-leg-001-20260810-07/deps/eigen-install/include/eigen3/unsupported/Eigen/src/EulerAngles/EulerSystem.h
-- Installing: C:/Users/ZBY/Desktop/YYZ/GNCSIMZMKN/build/legacy-reproduction/runs/r0-leg-001-20260810-07/deps/eigen-install/include/eigen3/unsupported/Eigen/src/FFT
-- Installing: C:/Users/ZBY/Desktop/YYZ/GNCSIMZMKN/build/legacy-reproduction/runs/r0-leg-001-20260810-07/deps/eigen-install/include/eigen3/unsupported/Eigen/src/FFT/ei_fftw_impl.h
-- Installing: C:/Users/ZBY/Desktop/YYZ/GNCSIMZMKN/build/legacy-reproduction/runs/r0-leg-001-20260810-07/deps/eigen-install/include/eigen3/unsupported/Eigen/src/FFT/ei_kissfft_impl.h
-- Installing: C:/Users/ZBY/Desktop/YYZ/GNCSIMZMKN/build/legacy-reproduction/runs/r0-leg-001-20260810-07/deps/eigen-install/include/eigen3/unsupported/Eigen/src/IterativeSolvers
-- Installing: C:/Users/ZBY/Desktop/YYZ/GNCSIMZMKN/build/legacy-reproduction/runs/r0-leg-001-20260810-07/deps/eigen-install/include/eigen3/unsupported/Eigen/src/IterativeSolvers/ConstrainedConjGrad.h
-- Installing: C:/Users/ZBY/Desktop/YYZ/GNCSIMZMKN/build/legacy-reproduction/runs/r0-leg-001-20260810-07/deps/eigen-install/include/eigen3/unsupported/Eigen/src/IterativeSolvers/DGMRES.h
-- Installing: C:/Users/ZBY/Desktop/YYZ/GNCSIMZMKN/build/legacy-reproduction/runs/r0-leg-001-20260810-07/deps/eigen-install/include/eigen3/unsupported/Eigen/src/IterativeSolvers/GMRES.h
-- Installing: C:/Users/ZBY/Desktop/YYZ/GNCSIMZMKN/build/legacy-reproduction/runs/r0-leg-001-20260810-07/deps/eigen-install/include/eigen3/unsupported/Eigen/src/IterativeSolvers/IDRS.h
-- Installing: C:/Users/ZBY/Desktop/YYZ/GNCSIMZMKN/build/legacy-reproduction/runs/r0-leg-001-20260810-07/deps/eigen-install/include/eigen3/unsupported/Eigen/src/IterativeSolvers/IncompleteLU.h
-- Installing: C:/Users/ZBY/Desktop/YYZ/GNCSIMZMKN/build/legacy-reproduction/runs/r0-leg-001-20260810-07/deps/eigen-install/include/eigen3/unsupported/Eigen/src/IterativeSolvers/IterationController.h
-- Installing: C:/Users/ZBY/Desktop/YYZ/GNCSIMZMKN/build/legacy-reproduction/runs/r0-leg-001-20260810-07/deps/eigen-install/include/eigen3/unsupported/Eigen/src/IterativeSolvers/MINRES.h
-- Installing: C:/Users/ZBY/Desktop/YYZ/GNCSIMZMKN/build/legacy-reproduction/runs/r0-leg-001-20260810-07/deps/eigen-install/include/eigen3/unsupported/Eigen/src/IterativeSolvers/Scaling.h
-- Installing: C:/Users/ZBY/Desktop/YYZ/GNCSIMZMKN/build/legacy-reproduction/runs/r0-leg-001-20260810-07/deps/eigen-install/include/eigen3/unsupported/Eigen/src/KroneckerProduct
-- Installing: C:/Users/ZBY/Desktop/YYZ/GNCSIMZMKN/build/legacy-reproduction/runs/r0-leg-001-20260810-07/deps/eigen-install/include/eigen3/unsupported/Eigen/src/KroneckerProduct/KroneckerTensorProduct.h
-- Installing: C:/Users/ZBY/Desktop/YYZ/GNCSIMZMKN/build/legacy-reproduction/runs/r0-leg-001-20260810-07/deps/eigen-install/include/eigen3/unsupported/Eigen/src/LevenbergMarquardt
-- Installing: C:/Users/ZBY/Desktop/YYZ/GNCSIMZMKN/build/legacy-reproduction/runs/r0-leg-001-20260810-07/deps/eigen-install/include/eigen3/unsupported/Eigen/src/LevenbergMarquardt/LevenbergMarquardt.h
-- Installing: C:/Users/ZBY/Desktop/YYZ/GNCSIMZMKN/build/legacy-reproduction/runs/r0-leg-001-20260810-07/deps/eigen-install/include/eigen3/unsupported/Eigen/src/LevenbergMarquardt/LMcovar.h
-- Installing: C:/Users/ZBY/Desktop/YYZ/GNCSIMZMKN/build/legacy-reproduction/runs/r0-leg-001-20260810-07/deps/eigen-install/include/eigen3/unsupported/Eigen/src/LevenbergMarquardt/LMonestep.h
-- Installing: C:/Users/ZBY/Desktop/YYZ/GNCSIMZMKN/build/legacy-reproduction/runs/r0-leg-001-20260810-07/deps/eigen-install/include/eigen3/unsupported/Eigen/src/LevenbergMarquardt/LMpar.h
-- Installing: C:/Users/ZBY/Desktop/YYZ/GNCSIMZMKN/build/legacy-reproduction/runs/r0-leg-001-20260810-07/deps/eigen-install/include/eigen3/unsupported/Eigen/src/LevenbergMarquardt/LMqrsolv.h
-- Installing: C:/Users/ZBY/Desktop/YYZ/GNCSIMZMKN/build/legacy-reproduction/runs/r0-leg-001-20260810-07/deps/eigen-install/include/eigen3/unsupported/Eigen/src/MatrixFunctions
-- Installing: C:/Users/ZBY/Desktop/YYZ/GNCSIMZMKN/build/legacy-reproduction/runs/r0-leg-001-20260810-07/deps/eigen-install/include/eigen3/unsupported/Eigen/src/MatrixFunctions/MatrixExponential.h
-- Installing: C:/Users/ZBY/Desktop/YYZ/GNCSIMZMKN/build/legacy-reproduction/runs/r0-leg-001-20260810-07/deps/eigen-install/include/eigen3/unsupported/Eigen/src/MatrixFunctions/MatrixFunction.h
-- Installing: C:/Users/ZBY/Desktop/YYZ/GNCSIMZMKN/build/legacy-reproduction/runs/r0-leg-001-20260810-07/deps/eigen-install/include/eigen3/unsupported/Eigen/src/MatrixFunctions/MatrixLogarithm.h
-- Installing: C:/Users/ZBY/Desktop/YYZ/GNCSIMZMKN/build/legacy-reproduction/runs/r0-leg-001-20260810-07/deps/eigen-install/include/eigen3/unsupported/Eigen/src/MatrixFunctions/MatrixPower.h
-- Installing: C:/Users/ZBY/Desktop/YYZ/GNCSIMZMKN/build/legacy-reproduction/runs/r0-leg-001-20260810-07/deps/eigen-install/include/eigen3/unsupported/Eigen/src/MatrixFunctions/MatrixSquareRoot.h
-- Installing: C:/Users/ZBY/Desktop/YYZ/GNCSIMZMKN/build/legacy-reproduction/runs/r0-leg-001-20260810-07/deps/eigen-install/include/eigen3/unsupported/Eigen/src/MatrixFunctions/StemFunction.h
-- Installing: C:/Users/ZBY/Desktop/YYZ/GNCSIMZMKN/build/legacy-reproduction/runs/r0-leg-001-20260810-07/deps/eigen-install/include/eigen3/unsupported/Eigen/src/MoreVectorization
-- Installing: C:/Users/ZBY/Desktop/YYZ/GNCSIMZMKN/build/legacy-reproduction/runs/r0-leg-001-20260810-07/deps/eigen-install/include/eigen3/unsupported/Eigen/src/MoreVectorization/MathFunctions.h
-- Installing: C:/Users/ZBY/Desktop/YYZ/GNCSIMZMKN/build/legacy-reproduction/runs/r0-leg-001-20260810-07/deps/eigen-install/include/eigen3/unsupported/Eigen/src/NonLinearOptimization
-- Installing: C:/Users/ZBY/Desktop/YYZ/GNCSIMZMKN/build/legacy-reproduction/runs/r0-leg-001-20260810-07/deps/eigen-install/include/eigen3/unsupported/Eigen/src/NonLinearOptimization/chkder.h
-- Installing: C:/Users/ZBY/Desktop/YYZ/GNCSIMZMKN/build/legacy-reproduction/runs/r0-leg-001-20260810-07/deps/eigen-install/include/eigen3/unsupported/Eigen/src/NonLinearOptimization/covar.h
-- Installing: C:/Users/ZBY/Desktop/YYZ/GNCSIMZMKN/build/legacy-reproduction/runs/r0-leg-001-20260810-07/deps/eigen-install/include/eigen3/unsupported/Eigen/src/NonLinearOptimization/dogleg.h
-- Installing: C:/Users/ZBY/Desktop/YYZ/GNCSIMZMKN/build/legacy-reproduction/runs/r0-leg-001-20260810-07/deps/eigen-install/include/eigen3/unsupported/Eigen/src/NonLinearOptimization/fdjac1.h
-- Installing: C:/Users/ZBY/Desktop/YYZ/GNCSIMZMKN/build/legacy-reproduction/runs/r0-leg-001-20260810-07/deps/eigen-install/include/eigen3/unsupported/Eigen/src/NonLinearOptimization/HybridNonLinearSolver.h
-- Installing: C:/Users/ZBY/Desktop/YYZ/GNCSIMZMKN/build/legacy-reproduction/runs/r0-leg-001-20260810-07/deps/eigen-install/include/eigen3/unsupported/Eigen/src/NonLinearOptimization/LevenbergMarquardt.h
-- Installing: C:/Users/ZBY/Desktop/YYZ/GNCSIMZMKN/build/legacy-reproduction/runs/r0-leg-001-20260810-07/deps/eigen-install/include/eigen3/unsupported/Eigen/src/NonLinearOptimization/lmpar.h
-- Installing: C:/Users/ZBY/Desktop/YYZ/GNCSIMZMKN/build/legacy-reproduction/runs/r0-leg-001-20260810-07/deps/eigen-install/include/eigen3/unsupported/Eigen/src/NonLinearOptimization/qrsolv.h
-- Installing: C:/Users/ZBY/Desktop/YYZ/GNCSIMZMKN/build/legacy-reproduction/runs/r0-leg-001-20260810-07/deps/eigen-install/include/eigen3/unsupported/Eigen/src/NonLinearOptimization/r1mpyq.h
-- Installing: C:/Users/ZBY/Desktop/YYZ/GNCSIMZMKN/build/legacy-reproduction/runs/r0-leg-001-20260810-07/deps/eigen-install/include/eigen3/unsupported/Eigen/src/NonLinearOptimization/r1updt.h
-- Installing: C:/Users/ZBY/Desktop/YYZ/GNCSIMZMKN/build/legacy-reproduction/runs/r0-leg-001-20260810-07/deps/eigen-install/include/eigen3/unsupported/Eigen/src/NonLinearOptimization/rwupdt.h
-- Installing: C:/Users/ZBY/Desktop/YYZ/GNCSIMZMKN/build/legacy-reproduction/runs/r0-leg-001-20260810-07/deps/eigen-install/include/eigen3/unsupported/Eigen/src/NumericalDiff
-- Installing: C:/Users/ZBY/Desktop/YYZ/GNCSIMZMKN/build/legacy-reproduction/runs/r0-leg-001-20260810-07/deps/eigen-install/include/eigen3/unsupported/Eigen/src/NumericalDiff/NumericalDiff.h
-- Installing: C:/Users/ZBY/Desktop/YYZ/GNCSIMZMKN/build/legacy-reproduction/runs/r0-leg-001-20260810-07/deps/eigen-install/include/eigen3/unsupported/Eigen/src/Polynomials
-- Installing: C:/Users/ZBY/Desktop/YYZ/GNCSIMZMKN/build/legacy-reproduction/runs/r0-leg-001-20260810-07/deps/eigen-install/include/eigen3/unsupported/Eigen/src/Polynomials/Companion.h
-- Installing: C:/Users/ZBY/Desktop/YYZ/GNCSIMZMKN/build/legacy-reproduction/runs/r0-leg-001-20260810-07/deps/eigen-install/include/eigen3/unsupported/Eigen/src/Polynomials/PolynomialSolver.h
-- Installing: C:/Users/ZBY/Desktop/YYZ/GNCSIMZMKN/build/legacy-reproduction/runs/r0-leg-001-20260810-07/deps/eigen-install/include/eigen3/unsupported/Eigen/src/Polynomials/PolynomialUtils.h
-- Installing: C:/Users/ZBY/Desktop/YYZ/GNCSIMZMKN/build/legacy-reproduction/runs/r0-leg-001-20260810-07/deps/eigen-install/include/eigen3/unsupported/Eigen/src/Skyline
-- Installing: C:/Users/ZBY/Desktop/YYZ/GNCSIMZMKN/build/legacy-reproduction/runs/r0-leg-001-20260810-07/deps/eigen-install/include/eigen3/unsupported/Eigen/src/Skyline/SkylineInplaceLU.h
-- Installing: C:/Users/ZBY/Desktop/YYZ/GNCSIMZMKN/build/legacy-reproduction/runs/r0-leg-001-20260810-07/deps/eigen-install/include/eigen3/unsupported/Eigen/src/Skyline/SkylineMatrix.h
-- Installing: C:/Users/ZBY/Desktop/YYZ/GNCSIMZMKN/build/legacy-reproduction/runs/r0-leg-001-20260810-07/deps/eigen-install/include/eigen3/unsupported/Eigen/src/Skyline/SkylineMatrixBase.h
-- Installing: C:/Users/ZBY/Desktop/YYZ/GNCSIMZMKN/build/legacy-reproduction/runs/r0-leg-001-20260810-07/deps/eigen-install/include/eigen3/unsupported/Eigen/src/Skyline/SkylineProduct.h
-- Installing: C:/Users/ZBY/Desktop/YYZ/GNCSIMZMKN/build/legacy-reproduction/runs/r0-leg-001-20260810-07/deps/eigen-install/include/eigen3/unsupported/Eigen/src/Skyline/SkylineStorage.h
-- Installing: C:/Users/ZBY/Desktop/YYZ/GNCSIMZMKN/build/legacy-reproduction/runs/r0-leg-001-20260810-07/deps/eigen-install/include/eigen3/unsupported/Eigen/src/Skyline/SkylineUtil.h
-- Installing: C:/Users/ZBY/Desktop/YYZ/GNCSIMZMKN/build/legacy-reproduction/runs/r0-leg-001-20260810-07/deps/eigen-install/include/eigen3/unsupported/Eigen/src/SparseExtra
-- Installing: C:/Users/ZBY/Desktop/YYZ/GNCSIMZMKN/build/legacy-reproduction/runs/r0-leg-001-20260810-07/deps/eigen-install/include/eigen3/unsupported/Eigen/src/SparseExtra/BlockOfDynamicSparseMatrix.h
-- Installing: C:/Users/ZBY/Desktop/YYZ/GNCSIMZMKN/build/legacy-reproduction/runs/r0-leg-001-20260810-07/deps/eigen-install/include/eigen3/unsupported/Eigen/src/SparseExtra/BlockSparseMatrix.h
-- Installing: C:/Users/ZBY/Desktop/YYZ/GNCSIMZMKN/build/legacy-reproduction/runs/r0-leg-001-20260810-07/deps/eigen-install/include/eigen3/unsupported/Eigen/src/SparseExtra/DynamicSparseMatrix.h
-- Installing: C:/Users/ZBY/Desktop/YYZ/GNCSIMZMKN/build/legacy-reproduction/runs/r0-leg-001-20260810-07/deps/eigen-install/include/eigen3/unsupported/Eigen/src/SparseExtra/MarketIO.h
-- Installing: C:/Users/ZBY/Desktop/YYZ/GNCSIMZMKN/build/legacy-reproduction/runs/r0-leg-001-20260810-07/deps/eigen-install/include/eigen3/unsupported/Eigen/src/SparseExtra/MatrixMarketIterator.h
-- Installing: C:/Users/ZBY/Desktop/YYZ/GNCSIMZMKN/build/legacy-reproduction/runs/r0-leg-001-20260810-07/deps/eigen-install/include/eigen3/unsupported/Eigen/src/SparseExtra/RandomSetter.h
-- Installing: C:/Users/ZBY/Desktop/YYZ/GNCSIMZMKN/build/legacy-reproduction/runs/r0-leg-001-20260810-07/deps/eigen-install/include/eigen3/unsupported/Eigen/src/SpecialFunctions
-- Installing: C:/Users/ZBY/Desktop/YYZ/GNCSIMZMKN/build/legacy-reproduction/runs/r0-leg-001-20260810-07/deps/eigen-install/include/eigen3/unsupported/Eigen/src/SpecialFunctions/arch
-- Installing: C:/Users/ZBY/Desktop/YYZ/GNCSIMZMKN/build/legacy-reproduction/runs/r0-leg-001-20260810-07/deps/eigen-install/include/eigen3/unsupported/Eigen/src/SpecialFunctions/arch/AVX
-- Installing: C:/Users/ZBY/Desktop/YYZ/GNCSIMZMKN/build/legacy-reproduction/runs/r0-leg-001-20260810-07/deps/eigen-install/include/eigen3/unsupported/Eigen/src/SpecialFunctions/arch/AVX/BesselFunctions.h
-- Installing: C:/Users/ZBY/Desktop/YYZ/GNCSIMZMKN/build/legacy-reproduction/runs/r0-leg-001-20260810-07/deps/eigen-install/include/eigen3/unsupported/Eigen/src/SpecialFunctions/arch/AVX/SpecialFunctions.h
-- Installing: C:/Users/ZBY/Desktop/YYZ/GNCSIMZMKN/build/legacy-reproduction/runs/r0-leg-001-20260810-07/deps/eigen-install/include/eigen3/unsupported/Eigen/src/SpecialFunctions/arch/AVX512
-- Installing: C:/Users/ZBY/Desktop/YYZ/GNCSIMZMKN/build/legacy-reproduction/runs/r0-leg-001-20260810-07/deps/eigen-install/include/eigen3/unsupported/Eigen/src/SpecialFunctions/arch/AVX512/BesselFunctions.h
-- Installing: C:/Users/ZBY/Desktop/YYZ/GNCSIMZMKN/build/legacy-reproduction/runs/r0-leg-001-20260810-07/deps/eigen-install/include/eigen3/unsupported/Eigen/src/SpecialFunctions/arch/AVX512/SpecialFunctions.h
-- Installing: C:/Users/ZBY/Desktop/YYZ/GNCSIMZMKN/build/legacy-reproduction/runs/r0-leg-001-20260810-07/deps/eigen-install/include/eigen3/unsupported/Eigen/src/SpecialFunctions/arch/GPU
-- Installing: C:/Users/ZBY/Desktop/YYZ/GNCSIMZMKN/build/legacy-reproduction/runs/r0-leg-001-20260810-07/deps/eigen-install/include/eigen3/unsupported/Eigen/src/SpecialFunctions/arch/GPU/SpecialFunctions.h
-- Installing: C:/Users/ZBY/Desktop/YYZ/GNCSIMZMKN/build/legacy-reproduction/runs/r0-leg-001-20260810-07/deps/eigen-install/include/eigen3/unsupported/Eigen/src/SpecialFunctions/arch/NEON
-- Installing: C:/Users/ZBY/Desktop/YYZ/GNCSIMZMKN/build/legacy-reproduction/runs/r0-leg-001-20260810-07/deps/eigen-install/include/eigen3/unsupported/Eigen/src/SpecialFunctions/arch/NEON/BesselFunctions.h
-- Installing: C:/Users/ZBY/Desktop/YYZ/GNCSIMZMKN/build/legacy-reproduction/runs/r0-leg-001-20260810-07/deps/eigen-install/include/eigen3/unsupported/Eigen/src/SpecialFunctions/arch/NEON/SpecialFunctions.h
-- Installing: C:/Users/ZBY/Desktop/YYZ/GNCSIMZMKN/build/legacy-reproduction/runs/r0-leg-001-20260810-07/deps/eigen-install/include/eigen3/unsupported/Eigen/src/SpecialFunctions/BesselFunctionsArrayAPI.h
-- Installing: C:/Users/ZBY/Desktop/YYZ/GNCSIMZMKN/build/legacy-reproduction/runs/r0-leg-001-20260810-07/deps/eigen-install/include/eigen3/unsupported/Eigen/src/SpecialFunctions/BesselFunctionsBFloat16.h
-- Installing: C:/Users/ZBY/Desktop/YYZ/GNCSIMZMKN/build/legacy-reproduction/runs/r0-leg-001-20260810-07/deps/eigen-install/include/eigen3/unsupported/Eigen/src/SpecialFunctions/BesselFunctionsFunctors.h
-- Installing: C:/Users/ZBY/Desktop/YYZ/GNCSIMZMKN/build/legacy-reproduction/runs/r0-leg-001-20260810-07/deps/eigen-install/include/eigen3/unsupported/Eigen/src/SpecialFunctions/BesselFunctionsHalf.h
-- Installing: C:/Users/ZBY/Desktop/YYZ/GNCSIMZMKN/build/legacy-reproduction/runs/r0-leg-001-20260810-07/deps/eigen-install/include/eigen3/unsupported/Eigen/src/SpecialFunctions/BesselFunctionsImpl.h
-- Installing: C:/Users/ZBY/Desktop/YYZ/GNCSIMZMKN/build/legacy-reproduction/runs/r0-leg-001-20260810-07/deps/eigen-install/include/eigen3/unsupported/Eigen/src/SpecialFunctions/BesselFunctionsPacketMath.h
-- Installing: C:/Users/ZBY/Desktop/YYZ/GNCSIMZMKN/build/legacy-reproduction/runs/r0-leg-001-20260810-07/deps/eigen-install/include/eigen3/unsupported/Eigen/src/SpecialFunctions/HipVectorCompatibility.h
-- Installing: C:/Users/ZBY/Desktop/YYZ/GNCSIMZMKN/build/legacy-reproduction/runs/r0-leg-001-20260810-07/deps/eigen-install/include/eigen3/unsupported/Eigen/src/SpecialFunctions/SpecialFunctionsArrayAPI.h
-- Installing: C:/Users/ZBY/Desktop/YYZ/GNCSIMZMKN/build/legacy-reproduction/runs/r0-leg-001-20260810-07/deps/eigen-install/include/eigen3/unsupported/Eigen/src/SpecialFunctions/SpecialFunctionsBFloat16.h
-- Installing: C:/Users/ZBY/Desktop/YYZ/GNCSIMZMKN/build/legacy-reproduction/runs/r0-leg-001-20260810-07/deps/eigen-install/include/eigen3/unsupported/Eigen/src/SpecialFunctions/SpecialFunctionsFunctors.h
-- Installing: C:/Users/ZBY/Desktop/YYZ/GNCSIMZMKN/build/legacy-reproduction/runs/r0-leg-001-20260810-07/deps/eigen-install/include/eigen3/unsupported/Eigen/src/SpecialFunctions/SpecialFunctionsHalf.h
-- Installing: C:/Users/ZBY/Desktop/YYZ/GNCSIMZMKN/build/legacy-reproduction/runs/r0-leg-001-20260810-07/deps/eigen-install/include/eigen3/unsupported/Eigen/src/SpecialFunctions/SpecialFunctionsImpl.h
-- Installing: C:/Users/ZBY/Desktop/YYZ/GNCSIMZMKN/build/legacy-reproduction/runs/r0-leg-001-20260810-07/deps/eigen-install/include/eigen3/unsupported/Eigen/src/SpecialFunctions/SpecialFunctionsPacketMath.h
-- Installing: C:/Users/ZBY/Desktop/YYZ/GNCSIMZMKN/build/legacy-reproduction/runs/r0-leg-001-20260810-07/deps/eigen-install/include/eigen3/unsupported/Eigen/src/Splines
-- Installing: C:/Users/ZBY/Desktop/YYZ/GNCSIMZMKN/build/legacy-reproduction/runs/r0-leg-001-20260810-07/deps/eigen-install/include/eigen3/unsupported/Eigen/src/Splines/Spline.h
-- Installing: C:/Users/ZBY/Desktop/YYZ/GNCSIMZMKN/build/legacy-reproduction/runs/r0-leg-001-20260810-07/deps/eigen-install/include/eigen3/unsupported/Eigen/src/Splines/SplineFitting.h
-- Installing: C:/Users/ZBY/Desktop/YYZ/GNCSIMZMKN/build/legacy-reproduction/runs/r0-leg-001-20260810-07/deps/eigen-install/include/eigen3/unsupported/Eigen/src/Splines/SplineFwd.h
-- Installing: C:/Users/ZBY/Desktop/YYZ/GNCSIMZMKN/build/legacy-reproduction/runs/r0-leg-001-20260810-07/deps/eigen-install/include/eigen3/unsupported/Eigen/CXX11/Tensor
-- Installing: C:/Users/ZBY/Desktop/YYZ/GNCSIMZMKN/build/legacy-reproduction/runs/r0-leg-001-20260810-07/deps/eigen-install/include/eigen3/unsupported/Eigen/CXX11/TensorSymmetry
-- Installing: C:/Users/ZBY/Desktop/YYZ/GNCSIMZMKN/build/legacy-reproduction/runs/r0-leg-001-20260810-07/deps/eigen-install/include/eigen3/unsupported/Eigen/CXX11/ThreadPool
-- Installing: C:/Users/ZBY/Desktop/YYZ/GNCSIMZMKN/build/legacy-reproduction/runs/r0-leg-001-20260810-07/deps/eigen-install/include/eigen3/unsupported/Eigen/CXX11/src
-- Installing: C:/Users/ZBY/Desktop/YYZ/GNCSIMZMKN/build/legacy-reproduction/runs/r0-leg-001-20260810-07/deps/eigen-install/include/eigen3/unsupported/Eigen/CXX11/src/Tensor
-- Installing: C:/Users/ZBY/Desktop/YYZ/GNCSIMZMKN/build/legacy-reproduction/runs/r0-leg-001-20260810-07/deps/eigen-install/include/eigen3/unsupported/Eigen/CXX11/src/Tensor/Tensor.h
-- Installing: C:/Users/ZBY/Desktop/YYZ/GNCSIMZMKN/build/legacy-reproduction/runs/r0-leg-001-20260810-07/deps/eigen-install/include/eigen3/unsupported/Eigen/CXX11/src/Tensor/TensorArgMax.h
-- Installing: C:/Users/ZBY/Desktop/YYZ/GNCSIMZMKN/build/legacy-reproduction/runs/r0-leg-001-20260810-07/deps/eigen-install/include/eigen3/unsupported/Eigen/CXX11/src/Tensor/TensorAssign.h
-- Installing: C:/Users/ZBY/Desktop/YYZ/GNCSIMZMKN/build/legacy-reproduction/runs/r0-leg-001-20260810-07/deps/eigen-install/include/eigen3/unsupported/Eigen/CXX11/src/Tensor/TensorBase.h
-- Installing: C:/Users/ZBY/Desktop/YYZ/GNCSIMZMKN/build/legacy-reproduction/runs/r0-leg-001-20260810-07/deps/eigen-install/include/eigen3/unsupported/Eigen/CXX11/src/Tensor/TensorBlock.h
-- Installing: C:/Users/ZBY/Desktop/YYZ/GNCSIMZMKN/build/legacy-reproduction/runs/r0-leg-001-20260810-07/deps/eigen-install/include/eigen3/unsupported/Eigen/CXX11/src/Tensor/TensorBroadcasting.h
-- Installing: C:/Users/ZBY/Desktop/YYZ/GNCSIMZMKN/build/legacy-reproduction/runs/r0-leg-001-20260810-07/deps/eigen-install/include/eigen3/unsupported/Eigen/CXX11/src/Tensor/TensorChipping.h
-- Installing: C:/Users/ZBY/Desktop/YYZ/GNCSIMZMKN/build/legacy-reproduction/runs/r0-leg-001-20260810-07/deps/eigen-install/include/eigen3/unsupported/Eigen/CXX11/src/Tensor/TensorConcatenation.h
-- Installing: C:/Users/ZBY/Desktop/YYZ/GNCSIMZMKN/build/legacy-reproduction/runs/r0-leg-001-20260810-07/deps/eigen-install/include/eigen3/unsupported/Eigen/CXX11/src/Tensor/TensorContraction.h
-- Installing: C:/Users/ZBY/Desktop/YYZ/GNCSIMZMKN/build/legacy-reproduction/runs/r0-leg-001-20260810-07/deps/eigen-install/include/eigen3/unsupported/Eigen/CXX11/src/Tensor/TensorContractionBlocking.h
-- Installing: C:/Users/ZBY/Desktop/YYZ/GNCSIMZMKN/build/legacy-reproduction/runs/r0-leg-001-20260810-07/deps/eigen-install/include/eigen3/unsupported/Eigen/CXX11/src/Tensor/TensorContractionCuda.h
-- Installing: C:/Users/ZBY/Desktop/YYZ/GNCSIMZMKN/build/legacy-reproduction/runs/r0-leg-001-20260810-07/deps/eigen-install/include/eigen3/unsupported/Eigen/CXX11/src/Tensor/TensorContractionGpu.h
-- Installing: C:/Users/ZBY/Desktop/YYZ/GNCSIMZMKN/build/legacy-reproduction/runs/r0-leg-001-20260810-07/deps/eigen-install/include/eigen3/unsupported/Eigen/CXX11/src/Tensor/TensorContractionMapper.h
-- Installing: C:/Users/ZBY/Desktop/YYZ/GNCSIMZMKN/build/legacy-reproduction/runs/r0-leg-001-20260810-07/deps/eigen-install/include/eigen3/unsupported/Eigen/CXX11/src/Tensor/TensorContractionSycl.h
-- Installing: C:/Users/ZBY/Desktop/YYZ/GNCSIMZMKN/build/legacy-reproduction/runs/r0-leg-001-20260810-07/deps/eigen-install/include/eigen3/unsupported/Eigen/CXX11/src/Tensor/TensorContractionThreadPool.h
-- Installing: C:/Users/ZBY/Desktop/YYZ/GNCSIMZMKN/build/legacy-reproduction/runs/r0-leg-001-20260810-07/deps/eigen-install/include/eigen3/unsupported/Eigen/CXX11/src/Tensor/TensorConversion.h
-- Installing: C:/Users/ZBY/Desktop/YYZ/GNCSIMZMKN/build/legacy-reproduction/runs/r0-leg-001-20260810-07/deps/eigen-install/include/eigen3/unsupported/Eigen/CXX11/src/Tensor/TensorConvolution.h
-- Installing: C:/Users/ZBY/Desktop/YYZ/GNCSIMZMKN/build/legacy-reproduction/runs/r0-leg-001-20260810-07/deps/eigen-install/include/eigen3/unsupported/Eigen/CXX11/src/Tensor/TensorConvolutionSycl.h
-- Installing: C:/Users/ZBY/Desktop/YYZ/GNCSIMZMKN/build/legacy-reproduction/runs/r0-leg-001-20260810-07/deps/eigen-install/include/eigen3/unsupported/Eigen/CXX11/src/Tensor/TensorCostModel.h
-- Installing: C:/Users/ZBY/Desktop/YYZ/GNCSIMZMKN/build/legacy-reproduction/runs/r0-leg-001-20260810-07/deps/eigen-install/include/eigen3/unsupported/Eigen/CXX11/src/Tensor/TensorCustomOp.h
-- Installing: C:/Users/ZBY/Desktop/YYZ/GNCSIMZMKN/build/legacy-reproduction/runs/r0-leg-001-20260810-07/deps/eigen-install/include/eigen3/unsupported/Eigen/CXX11/src/Tensor/TensorDevice.h
-- Installing: C:/Users/ZBY/Desktop/YYZ/GNCSIMZMKN/build/legacy-reproduction/runs/r0-leg-001-20260810-07/deps/eigen-install/include/eigen3/unsupported/Eigen/CXX11/src/Tensor/TensorDeviceCuda.h
-- Installing: C:/Users/ZBY/Desktop/YYZ/GNCSIMZMKN/build/legacy-reproduction/runs/r0-leg-001-20260810-07/deps/eigen-install/include/eigen3/unsupported/Eigen/CXX11/src/Tensor/TensorDeviceDefault.h
-- Installing: C:/Users/ZBY/Desktop/YYZ/GNCSIMZMKN/build/legacy-reproduction/runs/r0-leg-001-20260810-07/deps/eigen-install/include/eigen3/unsupported/Eigen/CXX11/src/Tensor/TensorDeviceGpu.h
-- Installing: C:/Users/ZBY/Desktop/YYZ/GNCSIMZMKN/build/legacy-reproduction/runs/r0-leg-001-20260810-07/deps/eigen-install/include/eigen3/unsupported/Eigen/CXX11/src/Tensor/TensorDeviceSycl.h
-- Installing: C:/Users/ZBY/Desktop/YYZ/GNCSIMZMKN/build/legacy-reproduction/runs/r0-leg-001-20260810-07/deps/eigen-install/include/eigen3/unsupported/Eigen/CXX11/src/Tensor/TensorDeviceThreadPool.h
-- Installing: C:/Users/ZBY/Desktop/YYZ/GNCSIMZMKN/build/legacy-reproduction/runs/r0-leg-001-20260810-07/deps/eigen-install/include/eigen3/unsupported/Eigen/CXX11/src/Tensor/TensorDimensionList.h
-- Installing: C:/Users/ZBY/Desktop/YYZ/GNCSIMZMKN/build/legacy-reproduction/runs/r0-leg-001-20260810-07/deps/eigen-install/include/eigen3/unsupported/Eigen/CXX11/src/Tensor/TensorDimensions.h
-- Installing: C:/Users/ZBY/Desktop/YYZ/GNCSIMZMKN/build/legacy-reproduction/runs/r0-leg-001-20260810-07/deps/eigen-install/include/eigen3/unsupported/Eigen/CXX11/src/Tensor/TensorEvalTo.h
-- Installing: C:/Users/ZBY/Desktop/YYZ/GNCSIMZMKN/build/legacy-reproduction/runs/r0-leg-001-20260810-07/deps/eigen-install/include/eigen3/unsupported/Eigen/CXX11/src/Tensor/TensorEvaluator.h
-- Installing: C:/Users/ZBY/Desktop/YYZ/GNCSIMZMKN/build/legacy-reproduction/runs/r0-leg-001-20260810-07/deps/eigen-install/include/eigen3/unsupported/Eigen/CXX11/src/Tensor/TensorExecutor.h
-- Installing: C:/Users/ZBY/Desktop/YYZ/GNCSIMZMKN/build/legacy-reproduction/runs/r0-leg-001-20260810-07/deps/eigen-install/include/eigen3/unsupported/Eigen/CXX11/src/Tensor/TensorExpr.h
-- Installing: C:/Users/ZBY/Desktop/YYZ/GNCSIMZMKN/build/legacy-reproduction/runs/r0-leg-001-20260810-07/deps/eigen-install/include/eigen3/unsupported/Eigen/CXX11/src/Tensor/TensorFFT.h
-- Installing: C:/Users/ZBY/Desktop/YYZ/GNCSIMZMKN/build/legacy-reproduction/runs/r0-leg-001-20260810-07/deps/eigen-install/include/eigen3/unsupported/Eigen/CXX11/src/Tensor/TensorFixedSize.h
-- Installing: C:/Users/ZBY/Desktop/YYZ/GNCSIMZMKN/build/legacy-reproduction/runs/r0-leg-001-20260810-07/deps/eigen-install/include/eigen3/unsupported/Eigen/CXX11/src/Tensor/TensorForcedEval.h
-- Installing: C:/Users/ZBY/Desktop/YYZ/GNCSIMZMKN/build/legacy-reproduction/runs/r0-leg-001-20260810-07/deps/eigen-install/include/eigen3/unsupported/Eigen/CXX11/src/Tensor/TensorForwardDeclarations.h
-- Installing: C:/Users/ZBY/Desktop/YYZ/GNCSIMZMKN/build/legacy-reproduction/runs/r0-leg-001-20260810-07/deps/eigen-install/include/eigen3/unsupported/Eigen/CXX11/src/Tensor/TensorFunctors.h
-- Installing: C:/Users/ZBY/Desktop/YYZ/GNCSIMZMKN/build/legacy-reproduction/runs/r0-leg-001-20260810-07/deps/eigen-install/include/eigen3/unsupported/Eigen/CXX11/src/Tensor/TensorGenerator.h
-- Installing: C:/Users/ZBY/Desktop/YYZ/GNCSIMZMKN/build/legacy-reproduction/runs/r0-leg-001-20260810-07/deps/eigen-install/include/eigen3/unsupported/Eigen/CXX11/src/Tensor/TensorGlobalFunctions.h
-- Installing: C:/Users/ZBY/Desktop/YYZ/GNCSIMZMKN/build/legacy-reproduction/runs/r0-leg-001-20260810-07/deps/eigen-install/include/eigen3/unsupported/Eigen/CXX11/src/Tensor/TensorGpuHipCudaDefines.h
-- Installing: C:/Users/ZBY/Desktop/YYZ/GNCSIMZMKN/build/legacy-reproduction/runs/r0-leg-001-20260810-07/deps/eigen-install/include/eigen3/unsupported/Eigen/CXX11/src/Tensor/TensorGpuHipCudaUndefines.h
-- Installing: C:/Users/ZBY/Desktop/YYZ/GNCSIMZMKN/build/legacy-reproduction/runs/r0-leg-001-20260810-07/deps/eigen-install/include/eigen3/unsupported/Eigen/CXX11/src/Tensor/TensorImagePatch.h
-- Installing: C:/Users/ZBY/Desktop/YYZ/GNCSIMZMKN/build/legacy-reproduction/runs/r0-leg-001-20260810-07/deps/eigen-install/include/eigen3/unsupported/Eigen/CXX11/src/Tensor/TensorIndexList.h
-- Installing: C:/Users/ZBY/Desktop/YYZ/GNCSIMZMKN/build/legacy-reproduction/runs/r0-leg-001-20260810-07/deps/eigen-install/include/eigen3/unsupported/Eigen/CXX11/src/Tensor/TensorInflation.h
-- Installing: C:/Users/ZBY/Desktop/YYZ/GNCSIMZMKN/build/legacy-reproduction/runs/r0-leg-001-20260810-07/deps/eigen-install/include/eigen3/unsupported/Eigen/CXX11/src/Tensor/TensorInitializer.h
-- Installing: C:/Users/ZBY/Desktop/YYZ/GNCSIMZMKN/build/legacy-reproduction/runs/r0-leg-001-20260810-07/deps/eigen-install/include/eigen3/unsupported/Eigen/CXX11/src/Tensor/TensorIntDiv.h
-- Installing: C:/Users/ZBY/Desktop/YYZ/GNCSIMZMKN/build/legacy-reproduction/runs/r0-leg-001-20260810-07/deps/eigen-install/include/eigen3/unsupported/Eigen/CXX11/src/Tensor/TensorIO.h
-- Installing: C:/Users/ZBY/Desktop/YYZ/GNCSIMZMKN/build/legacy-reproduction/runs/r0-leg-001-20260810-07/deps/eigen-install/include/eigen3/unsupported/Eigen/CXX11/src/Tensor/TensorLayoutSwap.h
-- Installing: C:/Users/ZBY/Desktop/YYZ/GNCSIMZMKN/build/legacy-reproduction/runs/r0-leg-001-20260810-07/deps/eigen-install/include/eigen3/unsupported/Eigen/CXX11/src/Tensor/TensorMacros.h
-- Installing: C:/Users/ZBY/Desktop/YYZ/GNCSIMZMKN/build/legacy-reproduction/runs/r0-leg-001-20260810-07/deps/eigen-install/include/eigen3/unsupported/Eigen/CXX11/src/Tensor/TensorMap.h
-- Installing: C:/Users/ZBY/Desktop/YYZ/GNCSIMZMKN/build/legacy-reproduction/runs/r0-leg-001-20260810-07/deps/eigen-install/include/eigen3/unsupported/Eigen/CXX11/src/Tensor/TensorMeta.h
-- Installing: C:/Users/ZBY/Desktop/YYZ/GNCSIMZMKN/build/legacy-reproduction/runs/r0-leg-001-20260810-07/deps/eigen-install/include/eigen3/unsupported/Eigen/CXX11/src/Tensor/TensorMorphing.h
-- Installing: C:/Users/ZBY/Desktop/YYZ/GNCSIMZMKN/build/legacy-reproduction/runs/r0-leg-001-20260810-07/deps/eigen-install/include/eigen3/unsupported/Eigen/CXX11/src/Tensor/TensorPadding.h
-- Installing: C:/Users/ZBY/Desktop/YYZ/GNCSIMZMKN/build/legacy-reproduction/runs/r0-leg-001-20260810-07/deps/eigen-install/include/eigen3/unsupported/Eigen/CXX11/src/Tensor/TensorPatch.h
-- Installing: C:/Users/ZBY/Desktop/YYZ/GNCSIMZMKN/build/legacy-reproduction/runs/r0-leg-001-20260810-07/deps/eigen-install/include/eigen3/unsupported/Eigen/CXX11/src/Tensor/TensorRandom.h
-- Installing: C:/Users/ZBY/Desktop/YYZ/GNCSIMZMKN/build/legacy-reproduction/runs/r0-leg-001-20260810-07/deps/eigen-install/include/eigen3/unsupported/Eigen/CXX11/src/Tensor/TensorReduction.h
-- Installing: C:/Users/ZBY/Desktop/YYZ/GNCSIMZMKN/build/legacy-reproduction/runs/r0-leg-001-20260810-07/deps/eigen-install/include/eigen3/unsupported/Eigen/CXX11/src/Tensor/TensorReductionCuda.h
-- Installing: C:/Users/ZBY/Desktop/YYZ/GNCSIMZMKN/build/legacy-reproduction/runs/r0-leg-001-20260810-07/deps/eigen-install/include/eigen3/unsupported/Eigen/CXX11/src/Tensor/TensorReductionGpu.h
-- Installing: C:/Users/ZBY/Desktop/YYZ/GNCSIMZMKN/build/legacy-reproduction/runs/r0-leg-001-20260810-07/deps/eigen-install/include/eigen3/unsupported/Eigen/CXX11/src/Tensor/TensorReductionSycl.h
-- Installing: C:/Users/ZBY/Desktop/YYZ/GNCSIMZMKN/build/legacy-reproduction/runs/r0-leg-001-20260810-07/deps/eigen-install/include/eigen3/unsupported/Eigen/CXX11/src/Tensor/TensorRef.h
-- Installing: C:/Users/ZBY/Desktop/YYZ/GNCSIMZMKN/build/legacy-reproduction/runs/r0-leg-001-20260810-07/deps/eigen-install/include/eigen3/unsupported/Eigen/CXX11/src/Tensor/TensorReverse.h
-- Installing: C:/Users/ZBY/Desktop/YYZ/GNCSIMZMKN/build/legacy-reproduction/runs/r0-leg-001-20260810-07/deps/eigen-install/include/eigen3/unsupported/Eigen/CXX11/src/Tensor/TensorScan.h
-- Installing: C:/Users/ZBY/Desktop/YYZ/GNCSIMZMKN/build/legacy-reproduction/runs/r0-leg-001-20260810-07/deps/eigen-install/include/eigen3/unsupported/Eigen/CXX11/src/Tensor/TensorScanSycl.h
-- Installing: C:/Users/ZBY/Desktop/YYZ/GNCSIMZMKN/build/legacy-reproduction/runs/r0-leg-001-20260810-07/deps/eigen-install/include/eigen3/unsupported/Eigen/CXX11/src/Tensor/TensorShuffling.h
-- Installing: C:/Users/ZBY/Desktop/YYZ/GNCSIMZMKN/build/legacy-reproduction/runs/r0-leg-001-20260810-07/deps/eigen-install/include/eigen3/unsupported/Eigen/CXX11/src/Tensor/TensorStorage.h
-- Installing: C:/Users/ZBY/Desktop/YYZ/GNCSIMZMKN/build/legacy-reproduction/runs/r0-leg-001-20260810-07/deps/eigen-install/include/eigen3/unsupported/Eigen/CXX11/src/Tensor/TensorStriding.h
-- Installing: C:/Users/ZBY/Desktop/YYZ/GNCSIMZMKN/build/legacy-reproduction/runs/r0-leg-001-20260810-07/deps/eigen-install/include/eigen3/unsupported/Eigen/CXX11/src/Tensor/TensorTrace.h
-- Installing: C:/Users/ZBY/Desktop/YYZ/GNCSIMZMKN/build/legacy-reproduction/runs/r0-leg-001-20260810-07/deps/eigen-install/include/eigen3/unsupported/Eigen/CXX11/src/Tensor/TensorTraits.h
-- Installing: C:/Users/ZBY/Desktop/YYZ/GNCSIMZMKN/build/legacy-reproduction/runs/r0-leg-001-20260810-07/deps/eigen-install/include/eigen3/unsupported/Eigen/CXX11/src/Tensor/TensorUInt128.h
-- Installing: C:/Users/ZBY/Desktop/YYZ/GNCSIMZMKN/build/legacy-reproduction/runs/r0-leg-001-20260810-07/deps/eigen-install/include/eigen3/unsupported/Eigen/CXX11/src/Tensor/TensorVolumePatch.h
-- Installing: C:/Users/ZBY/Desktop/YYZ/GNCSIMZMKN/build/legacy-reproduction/runs/r0-leg-001-20260810-07/deps/eigen-install/include/eigen3/unsupported/Eigen/CXX11/src/TensorSymmetry
-- Installing: C:/Users/ZBY/Desktop/YYZ/GNCSIMZMKN/build/legacy-reproduction/runs/r0-leg-001-20260810-07/deps/eigen-install/include/eigen3/unsupported/Eigen/CXX11/src/TensorSymmetry/DynamicSymmetry.h
-- Installing: C:/Users/ZBY/Desktop/YYZ/GNCSIMZMKN/build/legacy-reproduction/runs/r0-leg-001-20260810-07/deps/eigen-install/include/eigen3/unsupported/Eigen/CXX11/src/TensorSymmetry/StaticSymmetry.h
-- Installing: C:/Users/ZBY/Desktop/YYZ/GNCSIMZMKN/build/legacy-reproduction/runs/r0-leg-001-20260810-07/deps/eigen-install/include/eigen3/unsupported/Eigen/CXX11/src/TensorSymmetry/Symmetry.h
-- Installing: C:/Users/ZBY/Desktop/YYZ/GNCSIMZMKN/build/legacy-reproduction/runs/r0-leg-001-20260810-07/deps/eigen-install/include/eigen3/unsupported/Eigen/CXX11/src/TensorSymmetry/util
-- Installing: C:/Users/ZBY/Desktop/YYZ/GNCSIMZMKN/build/legacy-reproduction/runs/r0-leg-001-20260810-07/deps/eigen-install/include/eigen3/unsupported/Eigen/CXX11/src/TensorSymmetry/util/TemplateGroupTheory.h
-- Installing: C:/Users/ZBY/Desktop/YYZ/GNCSIMZMKN/build/legacy-reproduction/runs/r0-leg-001-20260810-07/deps/eigen-install/include/eigen3/unsupported/Eigen/CXX11/src/ThreadPool
-- Installing: C:/Users/ZBY/Desktop/YYZ/GNCSIMZMKN/build/legacy-reproduction/runs/r0-leg-001-20260810-07/deps/eigen-install/include/eigen3/unsupported/Eigen/CXX11/src/ThreadPool/Barrier.h
-- Installing: C:/Users/ZBY/Desktop/YYZ/GNCSIMZMKN/build/legacy-reproduction/runs/r0-leg-001-20260810-07/deps/eigen-install/include/eigen3/unsupported/Eigen/CXX11/src/ThreadPool/EventCount.h
-- Installing: C:/Users/ZBY/Desktop/YYZ/GNCSIMZMKN/build/legacy-reproduction/runs/r0-leg-001-20260810-07/deps/eigen-install/include/eigen3/unsupported/Eigen/CXX11/src/ThreadPool/NonBlockingThreadPool.h
-- Installing: C:/Users/ZBY/Desktop/YYZ/GNCSIMZMKN/build/legacy-reproduction/runs/r0-leg-001-20260810-07/deps/eigen-install/include/eigen3/unsupported/Eigen/CXX11/src/ThreadPool/RunQueue.h
-- Installing: C:/Users/ZBY/Desktop/YYZ/GNCSIMZMKN/build/legacy-reproduction/runs/r0-leg-001-20260810-07/deps/eigen-install/include/eigen3/unsupported/Eigen/CXX11/src/ThreadPool/ThreadCancel.h
-- Installing: C:/Users/ZBY/Desktop/YYZ/GNCSIMZMKN/build/legacy-reproduction/runs/r0-leg-001-20260810-07/deps/eigen-install/include/eigen3/unsupported/Eigen/CXX11/src/ThreadPool/ThreadEnvironment.h
-- Installing: C:/Users/ZBY/Desktop/YYZ/GNCSIMZMKN/build/legacy-reproduction/runs/r0-leg-001-20260810-07/deps/eigen-install/include/eigen3/unsupported/Eigen/CXX11/src/ThreadPool/ThreadLocal.h
-- Installing: C:/Users/ZBY/Desktop/YYZ/GNCSIMZMKN/build/legacy-reproduction/runs/r0-leg-001-20260810-07/deps/eigen-install/include/eigen3/unsupported/Eigen/CXX11/src/ThreadPool/ThreadPoolInterface.h
-- Installing: C:/Users/ZBY/Desktop/YYZ/GNCSIMZMKN/build/legacy-reproduction/runs/r0-leg-001-20260810-07/deps/eigen-install/include/eigen3/unsupported/Eigen/CXX11/src/ThreadPool/ThreadYield.h
-- Installing: C:/Users/ZBY/Desktop/YYZ/GNCSIMZMKN/build/legacy-reproduction/runs/r0-leg-001-20260810-07/deps/eigen-install/include/eigen3/unsupported/Eigen/CXX11/src/util
-- Installing: C:/Users/ZBY/Desktop/YYZ/GNCSIMZMKN/build/legacy-reproduction/runs/r0-leg-001-20260810-07/deps/eigen-install/include/eigen3/unsupported/Eigen/CXX11/src/util/CXX11Meta.h
-- Installing: C:/Users/ZBY/Desktop/YYZ/GNCSIMZMKN/build/legacy-reproduction/runs/r0-leg-001-20260810-07/deps/eigen-install/include/eigen3/unsupported/Eigen/CXX11/src/util/CXX11Workarounds.h
-- Installing: C:/Users/ZBY/Desktop/YYZ/GNCSIMZMKN/build/legacy-reproduction/runs/r0-leg-001-20260810-07/deps/eigen-install/include/eigen3/unsupported/Eigen/CXX11/src/util/EmulateArray.h
-- Installing: C:/Users/ZBY/Desktop/YYZ/GNCSIMZMKN/build/legacy-reproduction/runs/r0-leg-001-20260810-07/deps/eigen-install/include/eigen3/unsupported/Eigen/CXX11/src/util/MaxSizeVector.h
