time,env.cgcs2000.semi_major_axis_m,env.cgcs2000.flattening,env.cgcs2000.last_altitude_m,env.cgcs2000.gravity_mps2,env.cgcs2000.density_kgpm3,env.cgcs2000.speed_of_sound_mps,env.wind.wind_launch.x,env.wind.wind_launch.y,env.wind.wind_launch.z,interceptor.dynamics.position_launch.x,interceptor.dynamics.position_launch.y,interceptor.dynamics.position_launch.z,interceptor.dynamics.velocity_launch.x,interceptor.dynamics.velocity_launch.y,interceptor.dynamics.velocity_launch.z,interceptor.dynamics.attitude_body_to_inertial.w,interceptor.dynamics.attitude_body_to_inertial.x,interceptor.dynamics.attitude_body_to_inertial.y,interceptor.dynamics.attitude_body_to_inertial.z,interceptor.dynamics.angular_rate_body.x,interceptor.dynamics.angular_rate_body.y,interceptor.dynamics.angular_rate_body.z,interceptor.dynamics.acceleration_launch.x,interceptor.dynamics.acceleration_launch.y,interceptor.dynamics.acceleration_launch.z,interceptor.dynamics.specific_force_body.x,interceptor.dynamics.specific_force_body.y,interceptor.dynamics.specific_force_body.z,interceptor.dynamics.angular_acceleration_body.x,interceptor.dynamics.angular_acceleration_body.y,interceptor.dynamics.angular_acceleration_body.z,interceptor.dynamics.gravity_launch.x,interceptor.dynamics.gravity_launch.y,interceptor.dynamics.gravity_launch.z,interceptor.dynamics.altitude_m,interceptor.dynamics.speed_mps,interceptor.standard_trajectory.row_count,interceptor.standard_trajectory.column_count,interceptor.standard_trajectory.segment_count,interceptor.standard_trajectory.begin_time_s,interceptor.standard_trajectory.end_time_s,interceptor.standard_trajectory.initial_position_launch.x,interceptor.standard_trajectory.initial_position_launch.y,interceptor.standard_trajectory.initial_position_launch.z,interceptor.imu.specific_force_body.x,interceptor.imu.specific_force_body.y,interceptor.imu.specific_force_body.z,interceptor.imu.angular_rate_body.x,interceptor.imu.angular_rate_body.y,interceptor.imu.angular_rate_body.z,interceptor.imu.angular_acceleration_body.x,interceptor.imu.angular_acceleration_body.y,interceptor.imu.angular_acceleration_body.z,interceptor.satnav.position_launch.x,interceptor.satnav.position_launch.y,interceptor.satnav.position_launch.z,interceptor.satnav.velocity_launch.x,interceptor.satnav.velocity_launch.y,interceptor.satnav.velocity_launch.z,interceptor.satnav.attitude_body_to_inertial.w,interceptor.satnav.attitude_body_to_inertial.x,interceptor.satnav.attitude_body_to_inertial.y,interceptor.satnav.attitude_body_to_inertial.z,interceptor.satnav.sample_time_s,interceptor.air_data.relative_velocity_body.x,interceptor.air_data.relative_velocity_body.y,interceptor.air_data.relative_velocity_body.z,interceptor.air_data.wind_launch.x,interceptor.air_data.wind_launch.y,interceptor.air_data.wind_launch.z,interceptor.air_data.altitude_m,interceptor.air_data.speed_mps,interceptor.air_data.mach_number,interceptor.air_data.dynamic_pressure_pa,interceptor.air_data.alpha_rad,interceptor.air_data.beta_rad,interceptor.air_data.density_kgpm3,interceptor.sequencer.phase_index,interceptor.sequencer.mission_time_s,interceptor.sequencer.phase_elapsed_time_s,interceptor.navigation.position_launch.x,interceptor.navigation.position_launch.y,interceptor.navigation.position_launch.z,interceptor.navigation.velocity_launch.x,interceptor.navigation.velocity_launch.y,interceptor.navigation.velocity_launch.z,interceptor.navigation.attitude_body_to_inertial.w,interceptor.navigation.attitude_body_to_inertial.x,interceptor.navigation.attitude_body_to_inertial.y,interceptor.navigation.attitude_body_to_inertial.z,interceptor.navigation.angular_rate_body.x,interceptor.navigation.angular_rate_body.y,interceptor.navigation.angular_rate_body.z,interceptor.navigation.altitude_m,interceptor.navigation.speed_mps,interceptor.trajectory_planner.reference_row,interceptor.trajectory_planner.reference_segment,interceptor.trajectory_planner.reference_phase,interceptor.trajectory_planner.reference_time_s,interceptor.trajectory_planner.reference_position_launch.x,interceptor.trajectory_planner.reference_position_launch.y,interceptor.trajectory_planner.reference_position_launch.z,interceptor.trajectory_planner.reference_velocity_launch.x,interceptor.trajectory_planner.reference_velocity_launch.y,interceptor.trajectory_planner.reference_velocity_launch.z,interceptor.trajectory_planner.reference_speed_mps,interceptor.trajectory_planner.reference_flight_path_angle_rad,interceptor.target_manager.position_launch.x,interceptor.target_manager.position_launch.y,interceptor.target_manager.position_launch.z,interceptor.target_manager.velocity_launch.x,interceptor.target_manager.velocity_launch.y,interceptor.target_manager.velocity_launch.z,interceptor.onboard_state.altitude_m,interceptor.onboard_state.speed_mps,interceptor.onboard_state.mach_number,interceptor.onboard_state.dynamic_pressure_pa,interceptor.onboard_state.alpha_rad,interceptor.onboard_state.beta_rad,interceptor.onboard_state.phase_index,interceptor.guidance.command_mode,interceptor.guidance.desired_euler.x,interceptor.guidance.desired_euler.y,interceptor.guidance.desired_euler.z,interceptor.guidance.attitude_error.x,interceptor.guidance.attitude_error.y,interceptor.guidance.attitude_error.z,interceptor.guidance.desired_force_body.x,interceptor.guidance.desired_force_body.y,interceptor.guidance.desired_force_body.z,interceptor.guidance.actual_force_body.x,interceptor.guidance.actual_force_body.y,interceptor.guidance.actual_force_body.z,interceptor.guidance.fuel_command,interceptor.flight_control.moment_command_body.x,interceptor.flight_control.moment_command_body.y,interceptor.flight_control.moment_command_body.z,interceptor.flight_control.raw_actuator_command.x,interceptor.flight_control.raw_actuator_command.y,interceptor.flight_control.raw_actuator_command.z,interceptor.flight_control.throttle_command,interceptor.control_allocation.fin_deflection_command.x,interceptor.control_allocation.fin_deflection_command.y,interceptor.control_allocation.fin_deflection_command.z,interceptor.control_allocation.throttle_command,interceptor.actuator.fin_deflection.x,interceptor.actuator.fin_deflection.y,interceptor.actuator.fin_deflection.z,interceptor.actuator.throttle,interceptor.propulsion.force_body.x,interceptor.propulsion.force_body.y,interceptor.propulsion.force_body.z,interceptor.propulsion.moment_body.x,interceptor.propulsion.moment_body.y,interceptor.propulsion.moment_body.z,interceptor.propulsion.enabled,interceptor.propulsion.fuel_mass_flow_kgps,interceptor.propulsion.remaining_fuel_kg,interceptor.propulsion.isp_s,interceptor.propulsion.air_flow_kgps,interceptor.propulsion.equivalence_ratio,interceptor.mass.mass_kg,interceptor.mass.center_of_gravity_body.x,interceptor.mass.center_of_gravity_body.y,interceptor.mass.center_of_gravity_body.z,interceptor.mass.inertia_body.ixx,interceptor.mass.inertia_body.iyy,interceptor.mass.inertia_body.izz,interceptor.aero.F_CA,interceptor.aero.F_CY,interceptor.aero.F_CN,interceptor.aero.M_Cl,interceptor.aero.M_Cm,interceptor.aero.M_Cn,interceptor.aero.force_body.x,interceptor.aero.force_body.y,interceptor.aero.force_body.z,interceptor.aero.moment_body.x,interceptor.aero.moment_body.y,interceptor.aero.moment_body.z,interceptor.aero.dynamic_pressure_pa,interceptor.aero.mach_number,interceptor.aero.pitch_table_rows,interceptor.aero.yaw_table_rows,interceptor.aero.roll_table_rows,interceptor.interaction.total_force_body.x,interceptor.interaction.total_force_body.y,interceptor.interaction.total_force_body.z,interceptor.interaction.total_moment_body.x,interceptor.interaction.total_moment_body.y,interceptor.interaction.total_moment_body.z,interceptor.interaction.gravity_launch.x,interceptor.interaction.gravity_launch.y,interceptor.interaction.gravity_launch.z,interceptor.interaction.mass_kg,target.truth.position_ecef.x,target.truth.position_ecef.y,target.truth.position_ecef.z,target.truth.velocity_ecef.x,target.truth.velocity_ecef.y,target.truth.velocity_ecef.z
0,6378137,0.00335281068118,1000,9.80357564015,1.06614778915,340.294,5,0,0,0,0,1000,260,0,20,1,0,0,0,0,0,0,0.543224569139,0,-9.80357564015,0.543224569139,0,0,0,0,0,0,0,-9.80357564015,1000,260.768096208,5,28,3,0,2,0,0,1000,0.543224569139,0,0,0,0,0,0,0,0,0,0,1000,260,0,20,1,0,0,0,0,255,0,20,5,0,0,1000,255.783111249,0.75165330934,34876.3595524,0.0782711405213,0,1.06614778915,0,0,0,0,0,1000,260,0,20,1,0,0,0,0,0,0,1000,260.768096208,0,0,0,0,0,0,1000,260,0,20,260.768096208,0.0767718912698,1500,0,900,0,0,0,1000,260.768096208,0.75165330934,34876.3595524,0.0782711405213,0,0,0,0,0,0,0,0,0,4.98892578928,0,-20.3325950526,0,0,34876.3595524,1,0,0,0,0,0,0,1,0,0,0,1,0,0,0,1,400,0,0,0,0,0,1,0.5,20,220,0,0,119.99,0,0,0,20,25,18,0.08,0,0,0,0,0,-334.813051703,0,-0,0,0,0,34876.3595524,0.75165330934,6,6,6,65.1869482966,0,0,0,0,0,0,0,-9.80357564015,120,1500,0,900,0,0,0
0.02,6378137,0.00335281068118,1000.39803928,9.80357441672,1.06608885068,340.294,5,0,0,5.20010865397,0,1000.39803928,260.010865397,0,19.8039284995,1,0,0,0,0,0,0,0.543269841625,0,-9.80357441672,0.543269841625,0,0,0,0,0,0,0,-9.80357441672,1000.39803928,260.76396551,5,28,3,0,2,0,0,1000,0.543269841625,0,0,0,0,0,0,0,0,0,0,1000,260,0,20,1,0,0,0,0,255.010865397,0,19.8039284995,5,0,0,1000.39803928,255.778687647,0.751640309988,34873.2252773,0.0775035988481,0,1.06608885068,0,0.02,0.02,0,0,1000,260,0,20,1,0,0,0,0,0,0,1000,260.768096208,0,0,0,0,0,0,1000,260,0,20,260.768096208,0.0767718912698,1500,0,900,0,0,0,1000,260.768096208,0.751640309988,34873.2252773,0.0775035988481,0,0,0,0,0,0,0,0,0,4.98892578928,0,-20.3325950526,0,0,34876.3595524,1,0,0,0,0,0,0,1,0,0,0,1,0,0,0,1,400,0,0,0,0,0,1,0.5,19.99,220,0,0,119.98,0,0,0,20,25,18,0.08,0,0,0,0,0,-334.782962662,0,-0,0,0,0,34873.2252773,0.751640309988,6,6,6,65.1869482966,0,0,0,0,0,0,0,-9.80357441672,119.99,1500,0,900,0,0,0
0.04,6378137,0.00335281068118,1000.79215714,9.80357320534,1.06603049607,340.294,5,0,0,10.4004346751,0,1000.79215714,260.021736715,0,19.6078570233,1,0,0,0,0,0,0,0.543565905469,0,-9.80357320534,0.543565905469,0,0,0,0,0,0,0,-9.80357320534,1000.79215714,260.759988536,5,28,3,0,2,0,0,1000,0.543565905469,0,0,0,0,0,0,0,0,0,0,1000,260,0,20,1,0,0,0,0,255.021736715,0,19.6078570233,5,0,0,1000.79215714,255.774420641,0.751627770812,34870.1529525,0.0767360293982,0,1.06603049607,0,0.04,0.04,0,0,1000,260,0,20,1,0,0,0,0,0,0,1000,260.768096208,0,0,0,0,0,0,1000,260,0,20,260.768096208,0.0767718912698,1500,0,900,0,0,0,1000,260.768096208,0.751627770812,34870.1529525,0.0767360293982,0,0,0,0,0,0,0,0,0,4.98892578928,0,-20.3325950526,0,0,34876.3595524,1,0,0,0,0,0,0,1,0,0,0,1,0,0,0,1,400,0,0,0,0,0,1,0.5,19.98,220,0,0,119.97,0,0,0,20,25,18,0.08,0,0,0,0,0,-334.753468344,0,-0,0,0,0,34870.1529525,0.751627770812,6,6,6,65.2170373382,0,0,0,0,0,0,0,-9.80357320534,119.98,1500,0,900,0,0,0
0.06,6378137,0.00335281068118,1001.18235357,9.80357200602,1.06597272524,340.294,5,0,0,15.6009781808,0,1001.18235357,260.032613856,0,19.4117855712,1,0,0,0,0,0,0,0.543857061402,0,-9.80357200602,0.543857061402,0,0,0,0,0,0,0,-9.80357200602,1001.18235357,260.756165196,5,28,3,0,2,0,0,1000,0.543857061402,0,0,0,0,0,0,0,0,0,0,1000,260,0,20,1,0,0,0,0,255.032613856,0,19.4117855712,5,0,0,1001.18235357,255.770310141,0.751615691551,34867.1425394,0.0759684331559,0,1.06597272524,0,0.06,0.06,0,0,1000,260,0,20,1,0,0,0,0,0,0,1000,260.768096208,0,0,0,0,0,0,1000,260,0,20,260.768096208,0.0767718912698,1500,0,900,0,0,0,1000,260.768096208,0.751615691551,34867.1425394,0.0759684331559,0,0,0,0,0,0,0,0,0,4.98892578928,0,-20.3325950526,0,0,34876.3595524,1,0,0,0,0,0,0,1,0,0,0,1,0,0,0,1,400,0,0,0,0,0,1,0.5,19.97,220,0,0,119.96,0,0,0,20,25,18,0.08,0,0,0,0,0,-334.724568379,0,-0,0,0,0,34867.1425394,0.751615691551,6,6,6,65.2465316564,0,0,0,0,0,0,0,-9.80357200602,119.97,1500,0,900,0,0,0
0.08,6378137,0.00335281068118,1001.56862856,9.80357081875,1.06591553808,340.294,5,0,0,20.8017392866,0,1001.56862856,260.043496722,0,19.2157141429,1,0,0,0,0,0,0,0.544143311282,0,-9.80357081875,0.544143311282,0,0,0,0,0,0,0,-9.80357081875,1001.56862856,260.752495401,5,28,3,0,2,0,0,1000,0.544143311282,0,0,0,0,0,0,0,0,0,0,1000,260,0,20,1,0,0,0,0,255.043496722,0,19.2157141429,5,0,0,1001.56862856,255.766356056,0.751604071939,34864.1939998,0.0752008111046,0,1.06591553808,0,0.08,0.08,0,0,1000,260,0,20,1,0,0,0,0,0,0,1000,260.768096208,0,0,0,0,0,0,1000,260,0,20,260.768096208,0.0767718912698,1500,0,900,0,0,0,1000,260.768096208,0.751604071939,34864.1939998,0.0752008111046,0,0,0,0,0,0,0,0,0,4.98892578928,0,-20.3325950526,0,0,34876.3595524,1,0,0,0,0,0,0,1,0,0,0,1,0,0,0,1,400,0,0,0,0,0,1,0.5,19.96,220,0,0,119.95,0,0,0,20,25,18,0.08,0,0,0,0,0,-334.696262398,0,-0,0,0,0,34864.1939998,0.751604071939,6,6,6,65.2754316214,0,0,0,0,0,0,0,-9.80357081875,119.96,1500,0,900,0,0,0
0.1,6378137,0.00335281068118,1001.95098213,9.80356964354,1.06585893449,340.294,5,0,0,26.002718106,0,1001.95098213,260.054385216,0,19.0196427383,1,0,0,0,0,0,0,0.544424656954,0,-9.80356964354,0.544424656954,0,0,0,0,0,0,0,-9.80356964354,1001.95098213,260.748979058,5,28,3,0,2,0,0,1000,0.544424656954,0,0,0,0,0,0,0,0,26.002718106,0,1001.95098213,260.054385216,0,19.0196427383,1,0,0,0,0.1,255.054385216,0,19.0196427383,5,0,0,1001.95098213,255.762558299,0.751592911714,34861.3072955,0.074433164227,0,1.06585893449,0,0.1,0.1,26.002718106,0,1001.95098213,260.054385216,0,19.0196427383,1,0,0,0,0,0,0,1001.95098213,260.748979058,0,0,0,0,0,0,1000,260,0,20,260.768096208,0.0767718912698,1500,0,900,0,0,0,1001.95098213,260.748979058,0.751592911714,34861.3072955,0.074433164227,0,0,0,0,0,0,0,0,0,4.98808278883,0,-20.3450073793,0,0,34861.3072955,1,0,0,0,0,0,0,1,0,0,0,1,0,0,0,1,400,0,0,0,0,0,1,0.5,19.95,220,0,0,119.94,0,0,0,20,25,18,0.08,0,0,0,0,0,-334.668550037,0,-0,0,0,0,34861.3072955,0.751592911714,6,6,6,65.3037376016,0,0,0,0,0,0,0,-9.80356964354,119.95,1500,0,900,0,0,0
0.12,6378137,0.00335281068118,1002.32941427,9.80356848038,1.0658029144,340.294,5,0,0,31.2039147505,0,1002.32941427,260.065279238,0,18.8235713571,1,0,0,0,0,0,0,0.544701100246,0,-9.80356848038,0.544701100246,0,0,0,0,0,0,0,-9.80356848038,1002.32941427,260.745616077,5,28,3,0,2,0,0,1000,0.544701100246,0,0,0,0,0,0,0,0,26.002718106,0,1001.95098213,260.054385216,0,19.0196427383,1,0,0,0,0.1,255.065279238,0,18.8235713571,5,0,0,1002.32941427,255.758916777,0.75158221061,34858.4823883,0.0736654935043,0,1.0658029144,0,0.12,0.12,26.002718106,0,1001.95098213,260.054385216,0,19.0196427383,1,0,0,0,0,0,0,1001.95098213,260.748979058,0,0,0,0,0,0,1000,260,0,20,260.768096208,0.0767718912698,1500,0,900,0,0,0,1001.95098213,260.748979058,0.75158221061,34858.4823883,0.0736654935043,0,0,0,0,0,0,0,0,0,4.98808278883,0,-20.3450073793,0,0,34861.3072955,1,0,0,0,0,0,0,1,0,0,0,1,0,0,0,1,400,0,0,0,0,0,1,0.5,19.94,220,0,0,119.93,0,0,0,20,25,18,0.08,0,0,0,0,0,-334.641430928,0,-0,0,0,0,34858.4823883,0.75158221061,6,6,6,65.3314499635,0,0,0,0,0,0,0,-9.80356848038,119.94,1500,0,900,0,0,0
0.14,6378137,0.00335281068118,1002.70392499,9.80356732927,1.0657474777,340.294,5,0,0,36.4053293298,0,1002.70392499,260.07617869,0,18.627499999,1,0,0,0,0,0,0,0.544972642974,0,-9.80356732927,0.544972642974,0,0,0,0,0,0,0,-9.80356732927,1002.70392499,260.742406368,5,28,3,0,2,0,0,1000,0.544972642974,0,0,0,0,0,0,0,0,26.002718106,0,1001.95098213,260.054385216,0,19.0196427383,1,0,0,0,0.1,255.07617869,0,18.627499999,5,0,0,1002.70392499,255.755431402,0.751571968362,34855.7192406,0.0728977999171,0,1.0657474777,0,0.14,0.14,26.002718106,0,1001.95098213,260.054385216,0,19.0196427383,1,0,0,0,0,0,0,1001.95098213,260.748979058,0,0,0,0,0,0,1000,260,0,20,260.768096208,0.0767718912698,1500,0,900,0,0,0,1001.95098213,260.748979058,0.751571968362,34855.7192406,0.0728977999171,0,0,0,0,0,0,0,0,0,4.98808278883,0,-20.3450073793,0,0,34861.3072955,1,0,0,0,0,0,0,1,0,0,0,1,0,0,0,1,400,0,0,0,0,0,1,0.5,19.93,220,0,0,119.92,0,0,0,20,25,18,0.08,0,0,0,0,0,-334.61490471,0,-0,0,0,0,34855.7192406,0.751571968362,6,6,6,65.3585690719,0,0,0,0,0,0,0,-9.80356732927,119.93,1500,0,900,0,0,0
0.16,6378137,0.00335281068118,1003.07451427,9.80356619021,1.06569262431,340.294,5,0,0,41.6069619514,0,1003.07451427,260.087083476,0,18.4314286639,1,0,0,0,0,0,0,0.545239286941,0,-9.80356619021,0.545239286941,0,0,0,0,0,0,0,-9.80356619021,1003.07451427,260.739349838,5,28,3,0,2,0,0,1000,0.545239286941,0,0,0,0,0,0,0,0,26.002718106,0,1001.95098213,260.054385216,0,19.0196427383,1,0,0,0,0.1,255.087083476,0,18.4314286639,5,0,0,1003.07451427,255.752102081,0.751562184703,34853.0178147,0.0721300844447,0,1.06569262431,0,0.16,0.16,26.002718106,0,1001.95098213,260.054385216,0,19.0196427383,1,0,0,0,0,0,0,1001.95098213,260.748979058,0,0,0,0,0,0,1000,260,0,20,260.768096208,0.0767718912698,1500,0,900,0,0,0,1001.95098213,260.748979058,0.751562184703,34853.0178147,0.0721300844447,0,0,0,0,0,0,0,0,0,4.98808278883,0,-20.3450073793,0,0,34861.3072955,1,0,0,0,0,0,0,1,0,0,0,1,0,0,0,1,400,0,0,0,0,0,1,0.5,19.92,220,0,0,119.91,0,0,0,20,25,18,0.08,0,0,0,0,0,-334.588971021,0,-0,0,0,0,34853.0178147,0.751562184703,6,6,6,65.38509529,0,0,0,0,0,0,0,-9.80356619021,119.92,1500,0,900,0,0,0
0.18,6378137,0.00335281068118,1003.44118213,9.80356506321,1.06563835413,340.294,5,0,0,46.8088127212,0,1003.44118213,260.097993497,0,18.2353573513,1,0,0,0,0,0,0,0.545501033934,0,-9.80356506321,0.545501033934,0,0,0,0,0,0,0,-9.80356506321,1003.44118213,260.736446395,5,28,3,0,2,0,0,1000,0.545501033934,0,0,0,0,0,0,0,0,26.002718106,0,1001.95098213,260.054385216,0,19.0196427383,1,0,0,0,0.1,255.097993497,0,18.2353573513,5,0,0,1003.44118213,255.748928725,0.751552859365,34850.3780731,0.0713623480656,0,1.06563835413,0,0.18,0.18,26.002718106,0,1001.95098213,260.054385216,0,19.0196427383,1,0,0,0,0,0,0,1001.95098213,260.748979058,0,0,0,0,0,0,1000,260,0,20,260.768096208,0.0767718912698,1500,0,900,0,0,0,1001.95098213,260.748979058,0.751552859365,34850.3780731,0.0713623480656,0,0,0,0,0,0,0,0,0,4.98808278883,0,-20.3450073793,0,0,34861.3072955,1,0,0,0,0,0,0,1,0,0,0,1,0,0,0,1,400,0,0,0,0,0,1,0.5,19.91,220,0,0,119.9,0,0,0,20,25,18,0.08,0,0,0,0,0,-334.563629501,0,-0,0,0,0,34850.3780731,0.751552859365,6,6,6,65.411028979,0,0,0,0,0,0,0,-9.80356506321,119.91,1500,0,900,0,0,0
0.2,6378137,0.00335281068118,1003.80392857,9.80356394826,1.06558466708,340.294,5,0,0,52.0108817427,0,1003.80392857,260.108908655,0,18.0392860612,1,0,0,0,0,0,0,0.545757885726,0,-9.80356394826,0.545757885726,0,0,0,0,0,0,0,-9.80356394826,1003.80392857,260.733695949,5,28,3,0,2,0,0,1000,0.545757885726,0,0,0,0,0,0,0,0,52.0108817427,0,1003.80392857,260.108908655,0,18.0392860612,1,0,0,0,0.2,255.108908655,0,18.0392860612,5,0,0,1003.80392857,255.745911241,0.75154399208,34847.7999785,0.0705945917571,0,1.06558466708,0,0.2,0.2,52.0108817427,0,1003.80392857,260.108908655,0,18.0392860612,1,0,0,0,0,0,0,1003.80392857,260.733695949,0,0,0,0,0,0,1000,260,0,20,260.768096208,0.0767718912698,1500,0,900,0,0,0,1003.80392857,260.733695949,0.75154399208,34847.7999785,0.0705945917571,0,0,0,0,0,0,0,0,0,4.9872012672,0,-20.3575241537,0,0,34847.7999785,1,0,0,0,0,0,0,1,0,0,0,1,0,0,0,1,400,0,0,0,0,0,1,0.5,19.9,220,0,0,119.89,0,0,0,20,25,18,0.08,0,0,0,0,0,-334.538879794,0,-0,0,0,0,34847.7999785,0.75154399208,6,6,6,65.4363704985,0,0,0,0,0,0,0,-9.80356394826,119.9,1500,0,900,0,0,0
0.22,6378137,0.00335281068118,1004.16275358,9.80356284536,1.06553156306,340.294,5,0,0,57.2131691177,0,1004.16275358,260.119828851,0,17.8432147933,1,0,0,0,0,0,0,0.546009844077,0,-9.80356284536,0.546009844077,0,0,0,0,0,0,0,-9.80356284536,1004.16275358,260.731098406,5,28,3,0,2,0,0,1000,0.546009844077,0,0,0,0,0,0,0,0,52.0108817427,0,1003.80392857,260.108908655,0,18.0392860612,1,0,0,0,0.2,255.119828851,0,17.8432147933,5,0,0,1004.16275358,255.743049539,0.751535582581,34845.2834939,0.0698268164957,0,1.06553156306,0,0.22,0.22,52.0108817427,0,1003.80392857,260.108908655,0,18.0392860612,1,0,0,0,0,0,0,1003.80392857,260.733695949,0,0,0,0,0,0,1000,260,0,20,260.768096208,0.0767718912698,1500,0,900,0,0,0,1003.80392857,260.733695949,0.751535582581,34845.2834939,0.0698268164957,0,0,0,0,0,0,0,0,0,4.9872012672,0,-20.3575241537,0,0,34847.7999785,1,0,0,0,0,0,0,1,0,0,0,1,0,0,0,1,400,0,0,0,0,0,1,0.5,19.89,220,0,0,119.88,0,0,0,20,25,18,0.08,0,0,0,0,0,-334.514721541,0,-0,0,0,0,34845.2834939,0.751535582581,6,6,6,65.4611202064,0,0,0,0,0,0,0,-9.80356284536,119.89,1500,0,900,0,0,0
0.24,6378137,0.00335281068118,1004.51765716,9.80356175452,1.065479042,340.294,5,0,0,62.4156749462,0,1004.51765716,260.13075399,0,17.6471435474,1,0,0,0,0,0,0,0.546256910733,0,-9.80356175452,0.546256910733,0,0,0,0,0,0,0,-9.80356175452,1004.51765716,260.728653674,5,28,3,0,2,0,0,1000,0.546256910733,0,0,0,0,0,0,0,0,52.0108817427,0,1003.80392857,260.108908655,0,18.0392860612,1,0,0,0,0.2,255.13075399,0,17.6471435474,5,0,0,1004.51765716,255.740343526,0.751527630595,34842.8285823,0.0690590232565,0,1.065479042,0,0.24,0.24,52.0108817427,0,1003.80392857,260.108908655,0,18.0392860612,1,0,0,0,0,0,0,1003.80392857,260.733695949,0,0,0,0,0,0,1000,260,0,20,260.768096208,0.0767718912698,1500,0,900,0,0,0,1003.80392857,260.733695949,0.751527630595,34842.8285823,0.0690590232565,0,0,0,0,0,0,0,0,0,4.9872012672,0,-20.3575241537,0,0,34847.7999785,1,0,0,0,0,0,0,1,0,0,0,1,0,0,0,1,400,0,0,0,0,0,1,0.5,19.88,220,0,0,119.87,0,0,0,20,25,18,0.08,0,0,0,0,0,-334.49115439,0,-0,0,0,0,34842.8285823,0.751527630595,6,6,6,65.4852784587,0,0,0,0,0,0,0,-9.80356175452,119.88,1500,0,900,0,0,0
0.26,6378137,0.00335281068118,1004.86863932,9.80356067573,1.0654271038,340.294,5,0,0,67.6183993258,0,1004.86863932,260.141683971,0,17.4510723231,1,0,0,0,0,0,0,0.546499087426,0,-9.80356067573,0.546499087426,0,0,0,0,0,0,0,-9.80356067573,1004.86863932,260.72636166,5,28,3,0,2,0,0,1000,0.546499087426,0,0,0,0,0,0,0,0,52.0108817427,0,1003.80392857,260.108908655,0,18.0392860612,1,0,0,0,0.2,255.141683971,0,17.4510723231,5,0,0,1004.86863932,255.73779311,0.751520135854,34840.4352071,0.0682912130138,0,1.0654271038,0,0.26,0.26,52.0108817427,0,1003.80392857,260.108908655,0,18.0392860612,1,0,0,0,0,0,0,1003.80392857,260.733695949,0,0,0,0,0,0,1000,260,0,20,260.768096208,0.0767718912698,1500,0,900,0,0,0,1003.80392857,260.733695949,0.751520135854,34840.4352071,0.0682912130138,0,0,0,0,0,0,0,0,0,4.9872012672,0,-20.3575241537,0,0,34847.7999785,1,0,0,0,0,0,0,1,0,0,0,1,0,0,0,1,400,0,0,0,0,0,1,0.5,19.87,220,0,0,119.86,0,0,0,20,25,18,0.08,0,0,0,0,0,-334.468177988,0,-0,0,0,0,34840.4352071,0.751520135854,6,6,6,65.5088456097,0,0,0,0,0,0,0,-9.80356067573,119.87,1500,0,900,0,0,0
0.28,6378137,0.00335281068118,1005.21570005,9.803559609,1.06537574839,340.294,5,0,0,72.8213423525,0,1005.21570005,260.152618699,0,17.2550011202,1,0,0,0,0,0,0,0.546736375873,0,-9.803559609,0.546736375873,0,0,0,0,0,0,0,-9.803559609,1005.21570005,260.724222272,5,28,3,0,2,0,0,1000,0.546736375873,0,0,0,0,0,0,0,0,52.0108817427,0,1003.80392857,260.108908655,0,18.0392860612,1,0,0,0,0.2,255.152618699,0,17.2550011202,5,0,0,1005.21570005,255.7353982,0.751513098086,34838.1033316,0.0675233867408,0,1.06537574839,0,0.28,0.28,52.0108817427,0,1003.80392857,260.108908655,0,18.0392860612,1,0,0,0,0,0,0,1003.80392857,260.733695949,0,0,0,0,0,0,1000,260,0,20,260.768096208,0.0767718912698,1500,0,900,0,0,0,1003.80392857,260.733695949,0.751513098086,34838.1033316,0.0675233867408,0,0,0,0,0,0,0,0,0,4.9872012672,0,-20.3575241537,0,0,34847.7999785,1,0,0,0,0,0,0,1,0,0,0,1,0,0,0,1,400,0,0,0,0,0,1,0.5,19.86,220,0,0,119.85,0,0,0,20,25,18,0.08,0,0,0,0,0,-334.445791983,0,-0,0,0,0,34838.1033316,0.751513098086,6,6,6,65.5318220121,0,0,0,0,0,0,0,-9.803559609,119.86,1500,0,900,0,0,0
0.3,6378137,0.00335281068118,1005.55883936,9.80355855431,1.06532497567,340.294,5,0,0,78.0245041202,0,1005.55883936,260.163558074,0,17.0589299386,1,0,0,0,0,0,0,0.546968777778,0,-9.80355855431,0.546968777778,0,0,0,0,0,0,0,-9.80355855431,1005.55883936,260.722235417,5,28,3,0,2,0,0,1000,0.546968777778,0,0,0,0,0,0,0,0,78.0245041202,0,1005.55883936,260.163558074,0,17.0589299386,1,0,0,0,0.3,255.163558074,0,17.0589299386,5,0,0,1005.55883936,255.733158702,0.751506517019,34835.8329195,0.0667555454097,0,1.06532497567,0,0.3,0.3,78.0245041202,0,1005.55883936,260.163558074,0,17.0589299386,1,0,0,0,0,0,0,1005.55883936,260.722235417,0,0,0,0,0,0,1000,260,0,20,260.768096208,0.0767718912698,1500,0,900,0,0,0,1005.55883936,260.722235417,0.751506517019,34835.8329195,0.0667555454097,0,0,0,0,0,0,0,0,0,4.98627998546,0,-20.3701511943,0,0,34835.8329195,1,0,0,0,0,0,0,1,0,0,0,1,0,0,0,1,400,0,0,0,0,0,1,0.5,19.85,220,0,0,119.84,0,0,0,20,25,18,0.08,0,0,0,0,0,-334.423996027,0,-0,0,0,0,34835.8329195,0.751506517019,6,6,6,65.5542080167,0,0,0,0,0,0,0,-9.80355855431,119.85,1500,0,900,0,0,0
0.32,6378137,0.00335281068118,1005.89805725,9.80355751168,1.06527478556,340.294,5,0,0,83.2278847209,0,1005.89805725,260.174502,0,16.862858778,1,0,0,0,0,0,0,0.547196294831,0,-9.80355751168,0.547196294831,0,0,0,0,0,0,0,-9.80355751168,1005.89805725,260.720400999,5,28,3,0,2,0,0,1000,0.547196294831,0,0,0,0,0,0,0,0,78.0245041202,0,1005.55883936,260.163558074,0,17.0589299386,1,0,0,0,0.3,255.174502,0,16.862858778,5,0,0,1005.89805725,255.731074524,0.751500392379,34833.6239347,0.0659876899916,0,1.06527478556,0,0.32,0.32,78.0245041202,0,1005.55883936,260.163558074,0,17.0589299386,1,0,0,0,0,0,0,1005.55883936,260.722235417,0,0,0,0,0,0,1000,260,0,20,260.768096208,0.0767718912698,1500,0,900,0,0,0,1005.55883936,260.722235417,0.751500392379,34833.6239347,0.0659876899916,0,0,0,0,0,0,0,0,0,4.98627998546,0,-20.3701511943,0,0,34835.8329195,1,0,0,0,0,0,0,1,0,0,0,1,0,0,0,1,400,0,0,0,0,0,1,0.5,19.84,220,0,0,119.83,0,0,0,20,25,18,0.08,0,0,0,0,0,-334.402789773,0,-0,0,0,0,34833.6239347,0.751500392379,6,6,6,65.5760039726,0,0,0,0,0,0,0,-9.80355751168,119.84,1500,0,900,0,0,0
0.34,6378137,0.00335281068118,1006.23335371,9.80355648111,1.06522517798,340.294,5,0,0,88.4314842447,0,1006.23335371,260.185450379,0,16.6667876381,1,0,0,0,0,0,0,0.547418928709,0,-9.80355648111,0.547418928709,0,0,0,0,0,0,0,-9.80355648111,1006.23335371,260.718718927,5,28,3,0,2,0,0,1000,0.547418928709,0,0,0,0,0,0,0,0,78.0245041202,0,1005.55883936,260.163558074,0,17.0589299386,1,0,0,0,0.3,255.185450379,0,16.6667876381,5,0,0,1006.23335371,255.729145573,0.751494723893,34831.476341,0.0652198214563,0,1.06522517798,0,0.34,0.34,78.0245041202,0,1005.55883936,260.163558074,0,17.0589299386,1,0,0,0,0,0,0,1005.55883936,260.722235417,0,0,0,0,0,0,1000,260,0,20,260.768096208,0.0767718912698,1500,0,900,0,0,0,1005.55883936,260.722235417,0.751494723893,34831.476341,0.0652198214563,0,0,0,0,0,0,0,0,0,4.98627998546,0,-20.3701511943,0,0,34835.8329195,1,0,0,0,0,0,0,1,0,0,0,1,0,0,0,1,400,0,0,0,0,0,1,0.5,19.83,220,0,0,119.82,0,0,0,20,25,18,0.08,0,0,0,0,0,-334.382172874,0,-0,0,0,0,34831.476341,0.751494723893,6,6,6,65.5972102272,0,0,0,0,0,0,0,-9.80355648111,119.83,1500,0,900,0,0,0
0.36,6378137,0.00335281068118,1006.56472876,9.80355546258,1.06517615285,340.294,5,0,0,93.6353027797,0,1006.56472876,260.196403113,0,16.4707165187,1,0,0,0,0,0,0,0.547636681073,0,-9.80355546258,0.547636681073,0,0,0,0,0,0,0,-9.80355546258,1006.56472876,260.717189106,5,28,3,0,2,0,0,1000,0.547636681073,0,0,0,0,0,0,0,0,78.0245041202,0,1005.55883936,260.163558074,0,17.0589299386,1,0,0,0,0.3,255.196403113,0,16.4707165187,5,0,0,1006.56472876,255.727371754,0.751489511287,34829.3901028,0.0644519407728,0,1.06517615285,0,0.36,0.36,78.0245041202,0,1005.55883936,260.163558074,0,17.0589299386,1,0,0,0,0,0,0,1005.55883936,260.722235417,0,0,0,0,0,0,1000,260,0,20,260.768096208,0.0767718912698,1500,0,900,0,0,0,1005.55883936,260.722235417,0.751489511287,34829.3901028,0.0644519407728,0,0,0,0,0,0,0,0,0,4.98627998546,0,-20.3701511943,0,0,34835.8329195,1,0,0,0,0,0,0,1,0,0,0,1,0,0,0,1,400,0,0,0,0,0,1,0.5,19.82,220,0,0,119.81,0,0,0,20,25,18,0.08,0,0,0,0,0,-334.362144987,0,-0,0,0,0,34829.3901028,0.751489511287,6,6,6,65.6178271262,0,0,0,0,0,0,0,-9.80355546258,119.82,1500,0,900,0,0,0
0.38,6378137,0.00335281068118,1006.89218237,9.80355445611,1.0651277101,340.294,5,0,0,98.8393404118,0,1006.89218237,260.207360104,0,16.2746454195,1,0,0,0,0,0,0,0.547849553572,0,-9.80355445611,0.547849553572,0,0,0,0,0,0,0,-9.80355445611,1006.89218237,260.715811442,5,28,3,0,2,0,0,1000,0.547849553572,0,0,0,0,0,0,0,0,78.0245041202,0,1005.55883936,260.163558074,0,17.0589299386,1,0,0,0,0.3,255.207360104,0,16.2746454195,5,0,0,1006.89218237,255.725752975,0.751484754286,34827.3651842,0.0636840489089,0,1.0651277101,0,0.38,0.38,78.0245041202,0,1005.55883936,260.163558074,0,17.0589299386,1,0,0,0,0,0,0,1005.55883936,260.722235417,0,0,0,0,0,0,1000,260,0,20,260.768096208,0.0767718912698,1500,0,900,0,0,0,1005.55883936,260.722235417,0.751484754286,34827.3651842,0.0636840489089,0,0,0,0,0,0,0,0,0,4.98627998546,0,-20.3701511943,0,0,34835.8329195,1,0,0,0,0,0,0,1,0,0,0,1,0,0,0,1,400,0,0,0,0,0,1,0.5,19.81,220,0,0,119.8,0,0,0,20,25,18,0.08,0,0,0,0,0,-334.342705769,0,-0,0,0,0,34827.3651842,0.751484754286,6,6,6,65.6378550135,0,0,0,0,0,0,0,-9.80355445611,119.81,1500,0,900,0,0,0
0.4,6378137,0.00335281068118,1007.21571457,9.8035534617,1.06507984963,340.294,5,0,0,104.043597225,0,1007.21571457,260.218321255,0,16.0785743403,1,0,0,0,0,0,0,0.54805754784,0,-9.8035534617,0.54805754784,0,0,0,0,0,0,0,-9.8035534617,1007.21571457,260.714585839,5,28,3,0,2,0,0,1000,0.54805754784,0,0,0,0,0,0,0,0,104.043597225,0,1007.21571457,260.218321255,0,16.0785743403,1,0,0,0,0.4,255.218321255,0,16.0785743403,5,0,0,1007.21571457,255.724289141,0.751480452612,34825.40155,0.0629161468313,0,1.06507984963,0,0.4,0.4,104.043597225,0,1007.21571457,260.218321255,0,16.0785743403,1,0,0,0,0,0,0,1007.21571457,260.714585839,0,0,0,0,0,0,1000,260,0,20,260.768096208,0.0767718912698,1500,0,900,0,0,0,1007.21571457,260.714585839,0.751480452612,34825.40155,0.0629161468313,0,0,0,0,0,0,0,0,0,4.98531760314,0,-20.3828947581,0,0,34825.40155,1,0,0,0,0,0,0,1,0,0,0,1,0,0,0,1,400,0,0,0,0,0,1,0.5,19.8,220,0,0,119.79,0,0,0,20,25,18,0.08,0,0,0,0,0,-334.32385488,0,-0,0,0,0,34825.40155,0.751480452612,6,6,6,65.6572942313,0,0,0,0,0,0,0,-9.8035534617,119.8,1500,0,900,0,0,0
0.42,6378137,0.00335281068118,1007.53532535,9.80355247933,1.06503257137,340.294,5,0,0,109.248073303,0,1007.53532535,260.229286468,0,15.882503281,1,0,0,0,0,0,0,0.548260665499,0,-9.80355247933,0.548260665499,0,0,0,0,0,0,0,-9.80355247933,1007.53532535,260.713512205,5,28,3,0,2,0,0,1000,0.548260665499,0,0,0,0,0,0,0,0,104.043597225,0,1007.21571457,260.218321255,0,16.0785743403,1,0,0,0,0.4,255.229286468,0,15.882503281,5,0,0,1007.53532535,255.722980159,0.751476605991,34823.4991647,0.0621482355057,0,1.06503257137,0,0.42,0.42,104.043597225,0,1007.21571457,260.218321255,0,16.0785743403,1,0,0,0,0,0,0,1007.21571457,260.714585839,0,0,0,0,0,0,1000,260,0,20,260.768096208,0.0767718912698,1500,0,900,0,0,0,1007.21571457,260.714585839,0.751476605991,34823.4991647,0.0621482355057,0,0,0,0,0,0,0,0,0,4.98531760314,0,-20.3828947581,0,0,34825.40155,1,0,0,0,0,0,0,1,0,0,0,1,0,0,0,1,400,0,0,0,0,0,1,0.5,19.79,220,0,0,119.78,0,0,0,20,25,18,0.08,0,0,0,0,0,-334.305591981,0,-0,0,0,0,34823.4991647,0.751476605991,6,6,6,65.6761451201,0,0,0,0,0,0,0,-9.80355247933,119.79,1500,0,900,0,0,0
0.44,6378137,0.00335281068118,1007.8510147,9.80355150902,1.06498587525,340.294,5,0,0,114.452768724,0,1007.8510147,260.240255646,0,15.6864322411,1,0,0,0,0,0,0,0.548458908154,0,-9.80355150902,0.548458908154,0,0,0,0,0,0,0,-9.80355150902,1007.8510147,260.712590442,5,28,3,0,2,0,0,1000,0.548458908154,0,0,0,0,0,0,0,0,104.043597225,0,1007.21571457,260.218321255,0,16.0785743403,1,0,0,0,0.4,255.240255646,0,15.6864322411,5,0,0,1007.8510147,255.721825933,0.751473214142,34821.6579933,0.0613803158965,0,1.06498587525,0,0.44,0.44,104.043597225,0,1007.21571457,260.218321255,0,16.0785743403,1,0,0,0,0,0,0,1007.21571457,260.714585839,0,0,0,0,0,0,1000,260,0,20,260.768096208,0.0767718912698,1500,0,900,0,0,0,1007.21571457,260.714585839,0.751473214142,34821.6579933,0.0613803158965,0,0,0,0,0,0,0,0,0,4.98531760314,0,-20.3828947581,0,0,34825.40155,1,0,0,0,0,0,0,1,0,0,0,1,0,0,0,1,400,0,0,0,0,0,1,0.5,19.78,220,0,0,119.77,0,0,0,20,25,18,0.08,0,0,0,0,0,-334.287916736,0,-0,0,0,0,34821.6579933,0.751473214142,6,6,6,65.6944080187,0,0,0,0,0,0,0,-9.80355150902,119.78,1500,0,900,0,0,0
0.46,6378137,0.00335281068118,1008.16278264,9.80355055076,1.06493976119,340.294,5,0,0,119.657683567,0,1008.16278264,260.251228692,0,15.4903612205,1,0,0,0,0,0,0,0.548652277399,0,-9.80355055076,0.548652277399,0,0,0,0,0,0,0,-9.80355055076,1008.16278264,260.711820457,5,28,3,0,2,0,0,1000,0.548652277399,0,0,0,0,0,0,0,0,104.043597225,0,1007.21571457,260.218321255,0,16.0785743403,1,0,0,0,0.4,255.251228692,0,15.4903612205,5,0,0,1008.16278264,255.72082637,0.75147027679,34819.8780009,0.0606123889672,0,1.06493976119,0,0.46,0.46,104.043597225,0,1007.21571457,260.218321255,0,16.0785743403,1,0,0,0,0,0,0,1007.21571457,260.714585839,0,0,0,0,0,0,1000,260,0,20,260.768096208,0.0767718912698,1500,0,900,0,0,0,1007.21571457,260.714585839,0.75147027679,34819.8780009,0.0606123889672,0,0,0,0,0,0,0,0,0,4.98531760314,0,-20.3828947581,0,0,34825.40155,1,0,0,0,0,0,0,1,0,0,0,1,0,0,0,1,400,0,0,0,0,0,1,0.5,19.77,220,0,0,119.76,0,0,0,20,25,18,0.08,0,0,0,0,0,-334.270828808,0,-0,0,0,0,34819.8780009,0.75147027679,6,6,6,65.7120832641,0,0,0,0,0,0,0,-9.80355055076,119.77,1500,0,900,0,0,0
0.48,6378137,0.00335281068118,1008.47062915,9.80354960456,1.06489422911,340.294,5,0,0,124.862817909,0,1008.47062915,260.262205507,0,15.294290219,1,0,0,0,0,0,0,0.548840774814,0,-9.80354960456,0.548840774814,0,0,0,0,0,0,0,-9.80354960456,1008.47062915,260.711202154,5,28,3,0,2,0,0,1000,0.548840774814,0,0,0,0,0,0,0,0,104.043597225,0,1007.21571457,260.218321255,0,16.0785743403,1,0,0,0,0.4,255.262205507,0,15.294290219,5,0,0,1008.47062915,255.719981373,0.751467793653,34818.1591526,0.0598444556799,0,1.06489422911,0,0.48,0.48,104.043597225,0,1007.21571457,260.218321255,0,16.0785743403,1,0,0,0,0,0,0,1007.21571457,260.714585839,0,0,0,0,0,0,1000,260,0,20,260.768096208,0.0767718912698,1500,0,900,0,0,0,1007.21571457,260.714585839,0.751467793653,34818.1591526,0.0598444556799,0,0,0,0,0,0,0,0,0,4.98531760314,0,-20.3828947581,0,0,34825.40155,1,0,0,0,0,0,0,1,0,0,0,1,0,0,0,1,400,0,0,0,0,0,1,0.5,19.76,220,0,0,119.75,0,0,0,20,25,18,0.08,0,0,0,0,0,-334.254327865,0,-0,0,0,0,34818.1591526,0.751467793653,6,6,6,65.7291711917,0,0,0,0,0,0,0,-9.80354960456,119.76,1500,0,900,0,0,0
0.5,6378137,0.00335281068118,1008.77455425,9.80354867041,1.06484927893,340.294,5,0,0,130.068171824,0,1008.77455425,260.273185995,0,15.0982192362,1,0,0,0,0,0,0,0.549024401963,0,-9.80354867041,0.549024401963,0,0,0,0,0,0,0,-9.80354867041,1008.77455425,260.710735437,5,28,3,0,2,0,0,1000,0.549024401963,0,0,0,0,0,0,0,0,130.068171824,0,1008.77455425,260.273185995,0,15.0982192362,1,0,0,0,0.5,255.273185995,0,15.0982192362,5,0,0,1008.77455425,255.719290849,0.751465764453,34816.501414,0.0590765169959,0,1.06484927893,0,0.5,0.5,130.068171824,0,1008.77455425,260.273185995,0,15.0982192362,1,0,0,0,0,0,0,1008.77455425,260.710735437,1,0,0,0.5,130,0,1009.5,259.5,0.2,18,260.123605234,0.069253215455,1500,0,900,0,0,0,1008.77455425,260.710735437,0.751465764453,34816.501414,0.0590765169959,0,0,0,0,0,0,0,0,0,4.98431266772,0,-20.3957615828,0,0,34816.501414,1,0,0,0,0,0,0,1,0,0,0,1,0,0,0,1,400,0,0,0,0,0,1,0.5,19.75,220,0,0,119.74,0,0,0,20,25,18,0.08,0,0,0,0,0,-334.238413574,0,-0,0,0,0,34816.501414,0.751465764453,6,6,6,65.745672135,0,0,0,0,0,0,0,-9.80354867041,119.75,1500,0,900,0,0,0
0.52,6378137,0.00335281068118,1009.07455792,9.80354774831,1.06480491059,340.294,5,0,0,135.273745385,0,1009.07455792,260.284170058,0,14.9021482721,1,0,0,0,0,0,0,0.549203160398,0,-9.80354774831,0.549203160398,0,0,0,0,0,0,0,-9.80354774831,1009.07455792,260.71042021,5,28,3,0,2,0,0,1000,0.549203160398,0,0,0,0,0,0,0,0,130.068171824,0,1008.77455425,260.273185995,0,15.0982192362,1,0,0,0,0.5,255.284170058,0,14.9021482721,5,0,0,1009.07455792,255.7187547,0.751464188908,34814.9047505,0.0583085738751,0,1.06480491059,0,0.52,0.52,130.068171824,0,1008.77455425,260.273185995,0,15.0982192362,1,0,0,0,0,0,0,1008.77455425,260.710735437,1,0,0,0.5,130,0,1009.5,259.5,0.2,18,260.123605234,0.069253215455,1500,0,900,0,0,0,1008.77455425,260.710735437,0.751464188908,34814.9047505,0.0583085738751,0,0,0,0,0,0,0,0,0,4.98431266772,0,-20.3957615828,0,0,34816.501414,1,0,0,0,0,0,0,1,0,0,0,1,0,0,0,1,400,0,0,0,0,0,1,0.5,19.74,220,0,0,119.73,0,0,0,20,25,18,0.08,0,0,0,0,0,-334.223085605,0,-0,0,0,0,34814.9047505,0.751464188908,6,6,6,65.7615864261,0,0,0,0,0,0,0,-9.80354774831,119.74,1500,0,900,0,0,0
0.54,6378137,0.00335281068118,1009.37064018,9.80354683826,1.06476112402,340.294,5,0,0,140.479538661,0,1009.37064018,260.295157599,0,14.7060773262,1,0,0,0,0,0,0,0.549377051658,0,-9.80354683826,0.549377051658,0,0,0,0,0,0,0,-9.80354683826,1009.37064018,260.710256377,5,28,3,0,2,0,0,1000,0.549377051658,0,0,0,0,0,0,0,0,130.068171824,0,1008.77455425,260.273185995,0,15.0982192362,1,0,0,0,0.5,255.295157599,0,14.7060773262,5,0,0,1009.37064018,255.718372832,0.751463066737,34813.3691281,0.0575406272764,0,1.06476112402,0,0.54,0.54,130.068171824,0,1008.77455425,260.273185995,0,15.0982192362,1,0,0,0,0,0,0,1008.77455425,260.710735437,1,0,0,0.5,130,0,1009.5,259.5,0.2,18,260.123605234,0.069253215455,1500,0,900,0,0,0,1008.77455425,260.710735437,0.751463066737,34813.3691281,0.0575406272764,0,0,0,0,0,0,0,0,0,4.98431266772,0,-20.3957615828,0,0,34816.501414,1,0,0,0,0,0,0,1,0,0,0,1,0,0,0,1,400,0,0,0,0,0,1,0.5,19.73,220,0,0,119.72,0,0,0,20,25,18,0.08,0,0,0,0,0,-334.20834363,0,-0,0,0,0,34813.3691281,0.751463066737,6,6,6,65.776914395,0,0,0,0,0,0,0,-9.80354683826,119.73,1500,0,900,0,0,0
0.56,6378137,0.00335281068118,1009.66280102,9.80354594027,1.06471791913,340.294,5,0,0,145.685551722,0,1009.66280102,260.306148521,0,14.5100063985,1,0,0,0,0,0,0,0.549546077267,0,-9.80354594027,0.549546077267,0,0,0,0,0,0,0,-9.80354594027,1009.66280102,260.710243841,5,28,3,0,2,0,0,1000,0.549546077267,0,0,0,0,0,0,0,0,130.068171824,0,1008.77455425,260.273185995,0,15.0982192362,1,0,0,0,0.5,255.306148521,0,14.5100063985,5,0,0,1009.66280102,255.718145149,0.751462397658,34811.8945126,0.0567726781575,0,1.06471791913,0,0.56,0.56,130.068171824,0,1008.77455425,260.273185995,0,15.0982192362,1,0,0,0,0,0,0,1008.77455425,260.710735437,1,0,0,0.5,130,0,1009.5,259.5,0.2,18,260.123605234,0.069253215455,1500,0,900,0,0,0,1008.77455425,260.710735437,0.751462397658,34811.8945126,0.0567726781575,0,0,0,0,0,0,0,0,0,4.98431266772,0,-20.3957615828,0,0,34816.501414,1,0,0,0,0,0,0,1,0,0,0,1,0,0,0,1,400,0,0,0,0,0,1,0.5,19.72,220,0,0,119.71,0,0,0,20,25,18,0.08,0,0,0,0,0,-334.194187321,0,-0,0,0,0,34811.8945126,0.751462397658,6,6,6,65.7916563704,0,0,0,0,0,0,0,-9.80354594027,119.72,1500,0,900,0,0,0
0.58,6378137,0.00335281068118,1009.95104043,9.80354505433,1.06467529586,340.294,5,0,0,150.891784635,0,1009.95104043,260.317142726,0,14.3139354885,1,0,0,0,0,0,0,0.549710238736,0,-9.80354505433,0.549710238736,0,0,0,0,0,0,0,-9.80354505433,1009.95104043,260.710382505,5,28,3,0,2,0,0,1000,0.549710238736,0,0,0,0,0,0,0,0,130.068171824,0,1008.77455425,260.273185995,0,15.0982192362,1,0,0,0,0.5,255.317142726,0,14.3139354885,5,0,0,1009.95104043,255.718071553,0.751462181387,34810.4808702,0.0560047274749,0,1.06467529586,0,0.58,0.58,130.068171824,0,1008.77455425,260.273185995,0,15.0982192362,1,0,0,0,0,0,0,1008.77455425,260.710735437,1,0,0,0.5,130,0,1009.5,259.5,0.2,18,260.123605234,0.069253215455,1500,0,900,0,0,0,1008.77455425,260.710735437,0.751462181387,34810.4808702,0.0560047274749,0,0,0,0,0,0,0,0,0,4.98431266772,0,-20.3957615828,0,0,34816.501414,1,0,0,0,0,0,0,1,0,0,0,1,0,0,0,1,400,0,0,0,0,0,1,0.5,19.71,220,0,0,119.7,0,0,0,20,25,18,0.08,0,0,0,0,0,-334.180616354,0,-0,0,0,0,34810.4808702,0.751462181387,6,6,6,65.805812679,0,0,0,0,0,0,0,-9.80354505433,119.71,1500,0,900,0,0,0
0.6,6378137,0.00335281068118,1010.23535844,9.80354418045,1.06463325414,340.294,5,0,0,156.098237463,0,1010.23535844,260.328140116,0,14.1178645962,1,0,0,0,0,0,0,0.54986953756,0,-9.80354418045,0.54986953756,0,0,0,0,0,0,0,-9.80354418045,1010.23535844,260.710672273,5,28,3,0,2,0,0,1000,0.54986953756,0,0,0,0,0,0,0,0,156.098237463,0,1010.23535844,260.328140116,0,14.1178645962,1,0,0,0,0.6,255.328140116,0,14.1178645962,5,0,0,1010.23535844,255.718151949,0.751462417641,34809.1281672,0.055236776184,0,1.06463325414,0,0.6,0.6,156.098237463,0,1010.23535844,260.328140116,0,14.1178645962,1,0,0,0,0,0,0,1010.23535844,260.710672273,1,0,0,0.5,130,0,1009.5,259.5,0.2,18,260.123605234,0.069253215455,1500,0,900,0,0,0,1010.23535844,260.710672273,0.751462417641,34809.1281672,0.055236776184,0,0,0,0,0,0,0,0,0,4.98326360284,0,-20.4087589322,0,0,34809.1281672,1,0,0,0,0,0,0,1,0,0,0,1,0,0,0,1,400,0,0,0,0,0,1,0.5,19.7,220,0,0,119.69,0,0,0,20,25,18,0.08,0,0,0,0,0,-334.167630405,0,-0,0,0,0,34809.1281672,0.751462417641,6,6,6,65.8193836459,0,0,0,0,0,0,0,-9.80354418045,119.7,1500,0,900,0,0,0
0.62,6378137,0.00335281068118,1010.51575502,9.80354331861,1.0645917939,340.294,5,0,0,161.30491027,0,1010.51575502,260.339140596,0,13.9217937212,1,0,0,0,0,0,0,0.550023975224,0,-9.80354331861,0.550023975224,0,0,0,0,0,0,0,-9.80354331861,1010.51575502,260.711113048,5,28,3,0,2,0,0,1000,0.550023975224,0,0,0,0,0,0,0,0,156.098237463,0,1010.23535844,260.328140116,0,14.1178645962,1,0,0,0,0.6,255.339140596,0,13.9217937212,5,0,0,1010.51575502,255.718386239,0.751463106135,34807.8363701,0.0544688252392,0,1.0645917939,0,0.62,0.62,156.098237463,0,1010.23535844,260.328140116,0,14.1178645962,1,0,0,0,0,0,0,1010.23535844,260.710672273,1,0,0,0.5,130,0,1009.5,259.5,0.2,18,260.123605234,0.069253215455,1500,0,900,0,0,0,1010.23535844,260.710672273,0.751463106135,34807.8363701,0.0544688252392,0,0,0,0,0,0,0,0,0,4.98326360284,0,-20.4087589322,0,0,34809.1281672,1,0,0,0,0,0,0,1,0,0,0,1,0,0,0,1,400,0,0,0,0,0,1,0.5,19.69,220,0,0,119.68,0,0,0,20,25,18,0.08,0,0,0,0,0,-334.155229153,0,-0,0,0,0,34807.8363701,0.751463106135,6,6,6,65.8323695946,0,0,0,0,0,0,0,-9.80354331861,119.69,1500,0,900,0,0,0
0.64,6378137,0.00335281068118,1010.79223018,9.80354246883,1.06455091508,340.294,5,0,0,166.511803117,0,1010.79223018,260.350144067,0,13.7257228634,1,0,0,0,0,0,0,0.550173553198,0,-9.80354246883,0.550173553198,0,0,0,0,0,0,0,-9.80354246883,1010.79223018,260.711704731,5,28,3,0,2,0,0,1000,0.550173553198,0,0,0,0,0,0,0,0,156.098237463,0,1010.23535844,260.328140116,0,14.1178645962,1,0,0,0,0.6,255.350144067,0,13.7257228634,5,0,0,1010.79223018,255.718774327,0.751464246583,34806.6054456,0.0537008755933,0,1.06455091508,0,0.64,0.64,156.098237463,0,1010.23535844,260.328140116,0,14.1178645962,1,0,0,0,0,0,0,1010.23535844,260.710672273,1,0,0,0.5,130,0,1009.5,259.5,0.2,18,260.123605234,0.069253215455,1500,0,900,0,0,0,1010.23535844,260.710672273,0.751464246583,34806.6054456,0.0537008755933,0,0,0,0,0,0,0,0,0,4.98326360284,0,-20.4087589322,0,0,34809.1281672,1,0,0,0,0,0,0,1,0,0,0,1,0,0,0,1,400,0,0,0,0,0,1,0.5,19.68,220,0,0,119.67,0,0,0,20,25,18,0.08,0,0,0,0,0,-334.143412278,0,-0,0,0,0,34806.6054456,0.751464246583,6,6,6,65.8447708467,0,0,0,0,0,0,0,-9.80354246883,119.68,1500,0,900,0,0,0
0.66,6378137,0.00335281068118,1011.06478393,9.80354163111,1.0645106176,340.294,5,0,0,171.718916062,0,1011.06478393,260.361150432,0,13.5296520224,1,0,0,0,0,0,0,0.550318272936,0,-9.80354163111,0.550318272936,0,0,0,0,0,0,0,-9.80354163111,1011.06478393,260.712447226,5,28,3,0,2,0,0,1000,0.550318272936,0,0,0,0,0,0,0,0,156.098237463,0,1010.23535844,260.328140116,0,14.1178645962,1,0,0,0,0.6,255.361150432,0,13.5296520224,5,0,0,1011.06478393,255.719316114,0.7514658387,34805.4353605,0.0529329281983,0,1.0645106176,0,0.66,0.66,156.098237463,0,1010.23535844,260.328140116,0,14.1178645962,1,0,0,0,0,0,0,1010.23535844,260.710672273,1,0,0,0.5,130,0,1009.5,259.5,0.2,18,260.123605234,0.069253215455,1500,0,900,0,0,0,1010.23535844,260.710672273,0.7514658387,34805.4353605,0.0529329281983,0,0,0,0,0,0,0,0,0,4.98326360284,0,-20.4087589322,0,0,34809.1281672,1,0,0,0,0,0,0,1,0,0,0,1,0,0,0,1,400,0,0,0,0,0,1,0.5,19.67,220,0,0,119.66,0,0,0,20,25,18,0.08,0,0,0,0,0,-334.13217946,0,-0,0,0,0,34805.4353605,0.7514658387,6,6,6,65.8565877222,0,0,0,0,0,0,0,-9.80354163111,119.67,1500,0,900,0,0,0
0.68,6378137,0.00335281068118,1011.33341627,9.80354080543,1.0644709014,340.294,5,0,0,176.926249162,0,1011.33341627,260.372159595,0,13.3335811981,1,0,0,0,0,0,0,0.550458135881,0,-9.80354080543,0.550458135881,0,0,0,0,0,0,0,-9.80354080543,1011.33341627,260.713340433,5,28,3,0,2,0,0,1000,0.550458135881,0,0,0,0,0,0,0,0,156.098237463,0,1010.23535844,260.328140116,0,14.1178645962,1,0,0,0,0.6,255.372159595,0,13.3335811981,5,0,0,1011.33341627,255.720011505,0.751467882198,34804.3260817,0.0521649840049,0,1.0644709014,0,0.68,0.68,156.098237463,0,1010.23535844,260.328140116,0,14.1178645962,1,0,0,0,0,0,0,1010.23535844,260.710672273,1,0,0,0.5,130,0,1009.5,259.5,0.2,18,260.123605234,0.069253215455,1500,0,900,0,0,0,1010.23535844,260.710672273,0.751467882198,34804.3260817,0.0521649840049,0,0,0,0,0,0,0,0,0,4.98326360284,0,-20.4087589322,0,0,34809.1281672,1,0,0,0,0,0,0,1,0,0,0,1,0,0,0,1,400,0,0,0,0,0,1,0.5,19.66,220,0,0,119.65,0,0,0,20,25,18,0.08,0,0,0,0,0,-334.121530385,0,-0,0,0,0,34804.3260817,0.751467882198,6,6,6,65.8678205395,0,0,0,0,0,0,0,-9.80354080543,119.66,1500,0,900,0,0,0
0.7,6378137,0.00335281068118,1011.59812718,9.80353999181,1.06443176642,340.294,5,0,0,182.133802473,0,1011.59812718,260.383171458,0,13.1375103901,1,0,0,0,0,0,0,0.550593143463,0,-9.80353999181,0.550593143463,0,0,0,0,0,0,0,-9.80353999181,1011.59812718,260.714384256,5,28,3,0,2,0,0,1000,0.550593143463,0,0,0,0,0,0,0,0,182.133802473,0,1011.59812718,260.383171458,0,13.1375103901,1,0,0,0,0.7,255.383171458,0,13.1375103901,5,0,0,1011.59812718,255.720860399,0.751470376789,34803.2775766,0.0513970439625,0,1.06443176642,0,0.7,0.7,182.133802473,0,1011.59812718,260.383171458,0,13.1375103901,1,0,0,0,0,0,0,1011.59812718,260.714384256,1,0,0,0.5,130,0,1009.5,259.5,0.2,18,260.123605234,0.069253215455,1500,0,900,0,0,0,1011.59812718,260.714384256,0.751470376789,34803.2775766,0.0513970439625,0,0,0,0,0,0,0,0,0,4.98216869505,0,-20.4218946481,0,0,34803.2775766,1,0,0,0,0,0,0,1,0,0,0,1,0,0,0,1,400,0,0,0,0,0,1,0.5,19.65,220,0,0,119.64,0,0,0,20,25,18,0.08,0,0,0,0,0,-334.111464736,0,-0,0,0,0,34803.2775766,0.751470376789,6,6,6,65.8784696153,0,0,0,0,0,0,0,-9.80353999181,119.65,1500,0,900,0,0,0
0.72,6378137,0.00335281068118,1011.85891668,9.80353919024,1.06439321258,340.294,5,0,0,187.341576047,0,1011.85891668,260.394185924,0,12.9414395983,1,0,0,0,0,0,0,0.550723297095,0,-9.80353919024,0.550723297095,0,0,0,0,0,0,0,-9.80353919024,1011.85891668,260.715578595,5,28,3,0,2,0,0,1000,0.550723297095,0,0,0,0,0,0,0,0,182.133802473,0,1011.59812718,260.383171458,0,13.1375103901,1,0,0,0,0.7,255.394185924,0,12.9414395983,5,0,0,1011.85891668,255.7218627,0.751473322186,34802.2898125,0.0506291090194,0,1.06439321258,0,0.72,0.72,182.133802473,0,1011.59812718,260.383171458,0,13.1375103901,1,0,0,0,0,0,0,1011.59812718,260.714384256,1,0,0,0.5,130,0,1009.5,259.5,0.2,18,260.123605234,0.069253215455,1500,0,900,0,0,0,1011.59812718,260.714384256,0.751473322186,34802.2898125,0.0506291090194,0,0,0,0,0,0,0,0,0,4.98216869505,0,-20.4218946481,0,0,34803.2775766,1,0,0,0,0,0,0,1,0,0,0,1,0,0,0,1,400,0,0,0,0,0,1,0.5,19.64,220,0,0,119.63,0,0,0,20,25,18,0.08,0,0,0,0,0,-334.1019822,0,-0,0,0,0,34802.2898125,0.751473322186,6,6,6,65.8885352645,0,0,0,0,0,0,0,-9.80353919024,119.64,1500,0,900,0,0,0
0.74,6378137,0.00335281068118,1012.11578476,9.80353840073,1.06435523984,340.294,5,0,0,192.549569935,0,1012.11578476,260.405202896,0,12.7453688224,1,0,0,0,0,0,0,0.55084859818,0,-9.80353840073,0.55084859818,0,0,0,0,0,0,0,-9.80353840073,1012.11578476,260.716923351,5,28,3,0,2,0,0,1000,0.55084859818,0,0,0,0,0,0,0,0,182.133802473,0,1011.59812718,260.383171458,0,13.1375103901,1,0,0,0,0.7,255.405202896,0,12.7453688224,5,0,0,1012.11578476,255.723018308,0.751476718098,34801.3627568,0.0498611801226,0,1.06435523984,0,0.74,0.74,182.133802473,0,1011.59812718,260.383171458,0,13.1375103901,1,0,0,0,0,0,0,1011.59812718,260.714384256,1,0,0,0.5,130,0,1009.5,259.5,0.2,18,260.123605234,0.069253215455,1500,0,900,0,0,0,1011.59812718,260.714384256,0.751476718098,34801.3627568,0.0498611801226,0,0,0,0,0,0,0,0,0,4.98216869505,0,-20.4218946481,0,0,34803.2775766,1,0,0,0,0,0,0,1,0,0,0,1,0,0,0,1,400,0,0,0,0,0,1,0.5,19.63,220,0,0,119.62,0,0,0,20,25,18,0.08,0,0,0,0,0,-334.093082466,0,-0,0,0,0,34801.3627568,0.751476718098,6,6,6,65.8980178003,0,0,0,0,0,0,0,-9.80353840073,119.63,1500,0,900,0,0,0
0.76,6378137,0.00335281068118,1012.36873143,9.80353762327,1.06431784812,340.294,5,0,0,197.757784187,0,1012.36873143,260.416222277,0,12.5492980622,1,0,0,0,0,0,0,0.550969048105,0,-9.80353762327,0.550969048105,0,0,0,0,0,0,0,-9.80353762327,1012.36873143,260.718418427,5,28,3,0,2,0,0,1000,0.550969048105,0,0,0,0,0,0,0,0,182.133802473,0,1011.59812718,260.383171458,0,13.1375103901,1,0,0,0,0.7,255.416222277,0,12.5492980622,5,0,0,1012.36873143,255.724327126,0.751480564236,34800.4963774,0.0490932582182,0,1.06431784812,0,0.76,0.76,182.133802473,0,1011.59812718,260.383171458,0,13.1375103901,1,0,0,0,0,0,0,1011.59812718,260.714384256,1,0,0,0.5,130,0,1009.5,259.5,0.2,18,260.123605234,0.069253215455,1500,0,900,0,0,0,1011.59812718,260.714384256,0.751480564236,34800.4963774,0.0490932582182,0,0,0,0,0,0,0,0,0,4.98216869505,0,-20.4218946481,0,0,34803.2775766,1,0,0,0,0,0,0,1,0,0,0,1,0,0,0,1,400,0,0,0,0,0,1,0.5,19.62,220,0,0,119.61,0,0,0,20,25,18,0.08,0,0,0,0,0,-334.084765223,0,-0,0,0,0,34800.4963774,0.751480564236,6,6,6,65.9069175343,0,0,0,0,0,0,0,-9.80353762327,119.62,1500,0,900,0,0,0
0.78,6378137,0.00335281068118,1012.61775669,9.80353685786,1.06428103736,340.294,5,0,0,202.966218849,0,1012.61775669,260.42724397,0,12.3532273174,1,0,0,0,0,0,0,0.551084648245,0,-9.80353685786,0.551084648245,0,0,0,0,0,0,0,-9.80353685786,1012.61775669,260.720063721,5,28,3,0,2,0,0,1000,0.551084648245,0,0,0,0,0,0,0,0,182.133802473,0,1011.59812718,260.383171458,0,13.1375103901,1,0,0,0,0.7,255.42724397,0,12.3532273174,5,0,0,1012.61775669,255.725789054,0.751484860309,34799.6906422,0.0483253442506,0,1.06428103736,0,0.78,0.78,182.133802473,0,1011.59812718,260.383171458,0,13.1375103901,1,0,0,0,0,0,0,1011.59812718,260.714384256,1,0,0,0.5,130,0,1009.5,259.5,0.2,18,260.123605234,0.069253215455,1500,0,900,0,0,0,1011.59812718,260.714384256,0.751484860309,34799.6906422,0.0483253442506,0,0,0,0,0,0,0,0,0,4.98216869505,0,-20.4218946481,0,0,34803.2775766,1,0,0,0,0,0,0,1,0,0,0,1,0,0,0,1,400,0,0,0,0,0,1,0.5,19.61,220,0,0,119.6,0,0,0,20,25,18,0.08,0,0,0,0,0,-334.077030165,0,-0,0,0,0,34799.6906422,0.751484860309,6,6,6,65.9152347766,0,0,0,0,0,0,0,-9.80353685786,119.61,1500,0,900,0,0,0
0.8,6378137,0.00335281068118,1012.86286053,9.8035361045,1.06424480751,340.294,5,0,0,208.174873968,0,1012.86286053,260.438267878,0,12.1571565878,1,0,0,0,0,0,0,0.55119539996,0,-9.8035361045,0.55119539996,0,0,0,0,0,0,0,-9.8035361045,1012.86286053,260.721859136,5,28,3,0,2,0,0,1000,0.55119539996,0,0,0,0,0,0,0,0,208.174873968,0,1012.86286053,260.438267878,0,12.1571565878,1,0,0,0,0.8,255.438267878,0,12.1571565878,5,0,0,1012.86286053,255.727403993,0.751489606025,34798.9455191,0.0475574391634,0,1.06424480751,1,0.8,0,208.174873968,0,1012.86286053,260.438267878,0,12.1571565878,1,0,0,0,0,0,0,1012.86286053,260.721859136,1,0,0,0.5,130,0,1009.5,259.5,0.2,18,260.123605234,0.069253215455,1500,0,900,0,0,0,1012.86286053,260.721859136,0.751489606025,34798.9455191,0.0475574391634,0,1,0,0,0,0,0,0,0,4.98102607879,0,-20.435177208,0,0,34798.9455191,1,0,0,0,0,0,0,1,0,0,0,1,0,0,0,1,0,0,0,0,0,0,0,0,19.6,220,0,0,119.6,0,0,0,20,25,18,0.08,0,0,0,0,0,-334.069876983,0,-0,0,0,0,34798.9455191,0.751489606025,6,6,6,65.9229698352,0,0,0,0,0,0,0,-9.8035361045,119.6,1500,0,900,0,0,0
0.82,6378137,0.00335281068118,1013.10404295,9.8035353632,1.0642091585,340.294,5,0,0,213.38308068,0,1013.10404295,260.38240335,0,11.9610858732,1,0,0,0,0,0,0,-2.79322639618,0,-9.8035353632,-2.79322639618,0,0,0,0,0,0,0,-9.8035353632,1013.10404295,260.656984463,5,28,3,0,2,0,0,1000,-2.79322639618,0,0,0,0,0,0,0,0,208.174873968,0,1012.86286053,260.438267878,0,12.1571565878,1,0,0,0,0.8,255.38240335,0,11.9610858732,5,0,0,1013.10404295,255.662354515,0.751298449326,34780.0790613,0.0468017812758,0,1.0642091585,1,0.82,0.02,208.174873968,0,1012.86286053,260.438267878,0,12.1571565878,1,0,0,0,0,0,0,1012.86286053,260.721859136,1,0,0,0.5,130,0,1009.5,259.5,0.2,18,260.123605234,0.069253215455,1500,0,900,0,0,0,1012.86286053,260.721859136,0.751298449326,34780.0790613,0.0468017812758,0,1,0,0,0,0,0,0,0,4.98102607879,0,-20.435177208,0,0,34798.9455191,1,0,0,0,0,0,0,1,0,0,0,1,0,0,0,1,0,0,0,0,0,0,0,0,19.6,220,0,0,119.6,0,0,0,20,25,18,0.08,0,0,0,0,0,-333.888758988,0,-0,0,0,0,34780.0790613,0.751298449326,6,6,6,-334.069876983,0,0,0,0,0,0,0,-9.8035353632,119.6,1500,0,900,0,0,0
0.84,6378137,0.00335281068118,1013.34130396,9.80353463395,1.06417409028,340.294,5,0,0,218.590170404,0,1013.34130396,260.326569109,0,11.7650151732,1,0,0,0,0,0,0,-2.79171203167,0,-9.80353463395,-2.79171203167,0,0,0,0,0,0,0,-9.80353463395,1013.34130396,260.592283397,5,28,3,0,2,0,0,1000,-2.79171203167,0,0,0,0,0,0,0,0,208.174873968,0,1012.86286053,260.438267878,0,12.1571565878,1,0,0,0,0.8,255.326569109,0,11.7650151732,5,0,0,1013.34130396,255.597481355,0.751107810762,34761.2852223,0.0460457337936,0,1.06417409028,1,0.84,0.04,208.174873968,0,1012.86286053,260.438267878,0,12.1571565878,1,0,0,0,0,0,0,1012.86286053,260.721859136,1,0,0,0.5,130,0,1009.5,259.5,0.2,18,260.123605234,0.069253215455,1500,0,900,0,0,0,1012.86286053,260.721859136,0.751107810762,34761.2852223,0.0460457337936,0,1,0,0,0,0,0,0,0,4.98102607879,0,-20.435177208,0,0,34798.9455191,1,0,0,0,0,0,0,1,0,0,0,1,0,0,0,1,0,0,0,0,0,0,0,0,19.6,220,0,0,119.6,0,0,0,20,25,18,0.08,0,0,0,0,0,-333.708338134,0,-0,0,0,0,34761.2852223,0.751107810762,6,6,6,-333.888758988,0,0,0,0,0,0,0,-9.80353463395,119.6,1500,0,900,0,0,0
0.86,6378137,0.00335281068118,1013.57464356,9.80353391675,1.06413960279,340.294,5,0,0,223.796143746,0,1013.57464356,260.270765039,0,11.5689444877,1,0,0,0,0,0,0,-2.7902034961,0,-9.80353391675,-2.7902034961,0,0,0,0,0,0,0,-9.80353391675,1013.57464356,260.527755932,5,28,3,0,2,0,0,1000,-2.7902034961,0,0,0,0,0,0,0,0,208.174873968,0,1012.86286053,260.438267878,0,12.1571565878,1,0,0,0,0.8,255.270765039,0,11.5689444877,5,0,0,1013.57464356,255.532784512,0.750917690326,34742.563929,0.0452892975732,0,1.06413960279,1,0.86,0.06,208.174873968,0,1012.86286053,260.438267878,0,12.1571565878,1,0,0,0,0,0,0,1012.86286053,260.721859136,1,0,0,0.5,130,0,1009.5,259.5,0.2,18,260.123605234,0.069253215455,1500,0,900,0,0,0,1012.86286053,260.721859136,0.750917690326,34742.563929,0.0452892975732,0,1,0,0,0,0,0,0,0,4.98102607879,0,-20.435177208,0,0,34798.9455191,1,0,0,0,0,0,0,1,0,0,0,1,0,0,0,1,0,0,0,0,0,0,0,0,19.6,220,0,0,119.6,0,0,0,20,25,18,0.08,0,0,0,0,0,-333.528613719,0,-0,0,0,0,34742.563929,0.750917690326,6,6,6,-333.708338134,0,0,0,0,0,0,0,-9.80353391675,119.6,1500,0,900,0,0,0
0.88,6378137,0.00335281068118,1013.80406174,9.80353321161,1.06410569598,340.294,5,0,0,229.001001307,0,1013.80406174,260.214991024,0,11.3728738165,1,0,0,0,0,0,0,-2.7887007836,0,-9.80353321161,-2.7887007836,0,0,0,0,0,0,0,-9.80353321161,1013.80406174,260.463402059,5,28,3,0,2,0,0,1000,-2.7887007836,0,0,0,0,0,0,0,0,208.174873968,0,1012.86286053,260.438267878,0,12.1571565878,1,0,0,0,0.8,255.214991024,0,11.3728738165,5,0,0,1013.80406174,255.468263982,0.750728088013,34723.9151088,0.0445324734722,0,1.06410569598,1,0.88,0.08,208.174873968,0,1012.86286053,260.438267878,0,12.1571565878,1,0,0,0,0,0,0,1012.86286053,260.721859136,1,0,0,0.5,130,0,1009.5,259.5,0.2,18,260.123605234,0.069253215455,1500,0,900,0,0,0,1012.86286053,260.721859136,0.750728088013,34723.9151088,0.0445324734722,0,1,0,0,0,0,0,0,0,4.98102607879,0,-20.435177208,0,0,34798.9455191,1,0,0,0,0,0,0,1,0,0,0,1,0,0,0,1,0,0,0,0,0,0,0,0,19.6,220,0,0,119.6,0,0,0,20,25,18,0.08,0,0,0,0,0,-333.349585045,0,-0,0,0,0,34723.9151088,0.750728088013,6,6,6,-333.528613719,0,0,0,0,0,0,0,-9.80353321161,119.6,1500,0,900,0,0,0
0.9,6378137,0.00335281068118,1014.02955851,9.80353251852,1.06407236978,340.294,5,0,0,234.204743686,0,1014.02955851,260.159246946,0,11.1768031592,1,0,0,0,0,0,0,-2.78720388833,0,-9.80353251852,-2.78720388833,0,0,0,0,0,0,0,-9.80353251852,1014.02955851,260.399221774,5,28,3,0,2,0,0,1000,-2.78720388833,0,0,0,0,0,0,0,0,234.204743686,0,1014.02955851,260.159246946,0,11.1768031592,1,0,0,0,0.9,255.159246946,0,11.1768031592,5,0,0,1014.02955851,255.403919764,0.750539003815,34705.3386892,0.0437752623498,0,1.06407236978,1,0.9,0.1,234.204743686,0,1014.02955851,260.159246946,0,11.1768031592,1,0,0,0,0,0,0,1014.02955851,260.399221774,1,0,0,0.5,130,0,1009.5,259.5,0.2,18,260.123605234,0.069253215455,1500,0,900,0,0,0,1014.02955851,260.399221774,0.750539003815,34705.3386892,0.0437752623498,0,1,0,0,0,0,0,0,0,4.97983424877,0,-20.4486099138,0,0,34705.3386892,1,0,0,0,0,0,0,1,0,0,0,1,0,0,0,1,0,0,0,0,0,0,0,0,19.6,220,0,0,119.6,0,0,0,20,25,18,0.08,0,0,0,0,0,-333.171251416,0,-0,0,0,0,34705.3386892,0.750539003815,6,6,6,-333.349585045,0,0,0,0,0,0,0,-9.80353251852,119.6,1500,0,900,0,0,0
0.92,6378137,0.00335281068118,1014.25113387,9.80353183748,1.06403962414,340.294,5,0,0,239.407371483,0,1014.25113387,260.10353269,0,10.9807325156,1,0,0,0,0,0,0,-2.78571280448,0,-9.80353183748,-2.78571280448,0,0,0,0,0,0,0,-9.80353183748,1014.25113387,260.335215068,5,28,3,0,2,0,0,1000,-2.78571280448,0,0,0,0,0,0,0,0,234.204743686,0,1014.02955851,260.159246946,0,11.1768031592,1,0,0,0,0.9,255.10353269,0,10.9807325156,5,0,0,1014.25113387,255.339751855,0.750350437725,34686.8345979,0.0430176650669,0,1.06403962414,1,0.92,0.12,234.204743686,0,1014.02955851,260.159246946,0,11.1768031592,1,0,0,0,0,0,0,1014.02955851,260.399221774,1,0,0,0.5,130,0,1009.5,259.5,0.2,18,260.123605234,0.069253215455,1500,0,900,0,0,0,1014.02955851,260.399221774,0.750350437725,34686.8345979,0.0430176650669,0,1,0,0,0,0,0,0,0,4.97983424877,0,-20.4486099138,0,0,34705.3386892,1,0,0,0,0,0,0,1,0,0,0,1,0,0,0,1,0,0,0,0,0,0,0,0,19.6,220,0,0,119.6,0,0,0,20,25,18,0.08,0,0,0,0,0,-332.993612139,0,-0,0,0,0,34686.8345979,0.750350437725,6,6,6,-333.171251416,0,0,0,0,0,0,0,-9.80353183748,119.6,1500,0,900,0,0,0
0.94,6378137,0.00335281068118,1014.46878781,9.8035311685,1.06400745901,340.294,5,0,0,244.608885291,0,1014.46878781,260.047848139,0,10.7846618856,1,0,0,0,0,0,0,-2.78422752625,0,-9.8035311685,-2.78422752625,0,0,0,0,0,0,0,-9.8035311685,1014.46878781,260.271381934,5,28,3,0,2,0,0,1000,-2.78422752625,0,0,0,0,0,0,0,0,234.204743686,0,1014.02955851,260.159246946,0,11.1768031592,1,0,0,0,0.9,255.047848139,0,10.7846618856,5,0,0,1014.46878781,255.275760253,0.750162389735,34668.4027629,0.0422596824857,0,1.06400745901,1,0.94,0.14,234.204743686,0,1014.02955851,260.159246946,0,11.1768031592,1,0,0,0,0,0,0,1014.02955851,260.399221774,1,0,0,0.5,130,0,1009.5,259.5,0.2,18,260.123605234,0.069253215455,1500,0,900,0,0,0,1014.02955851,260.399221774,0.750162389735,34668.4027629,0.0422596824857,0,1,0,0,0,0,0,0,0,4.97983424877,0,-20.4486099138,0,0,34705.3386892,1,0,0,0,0,0,0,1,0,0,0,1,0,0,0,1,0,0,0,0,0,0,0,0,19.6,220,0,0,119.6,0,0,0,20,25,18,0.08,0,0,0,0,0,-332.816666524,0,-0,0,0,0,34668.4027629,0.750162389735,6,6,6,-332.993612139,0,0,0,0,0,0,0,-9.8035311685,119.6,1500,0,900,0,0,0
0.96,6378137,0.00335281068118,1014.68252034,9.80353051156,1.06397587434,340.294,5,0,0,249.809285704,0,1014.68252034,259.992193178,0,10.5885912688,1,0,0,0,0,0,0,-2.78274804786,0,-9.80353051156,-2.78274804786,0,0,0,0,0,0,0,-9.80353051156,1014.68252034,260.207722366,5,28,3,0,2,0,0,1000,-2.78274804786,0,0,0,0,0,0,0,0,234.204743686,0,1014.02955851,260.159246946,0,11.1768031592,1,0,0,0,0.9,254.992193178,0,10.5885912688,5,0,0,1014.68252034,255.211944954,0.749974859838,34650.0431127,0.0415013154701,0,1.06397587434,1,0.96,0.16,234.204743686,0,1014.02955851,260.159246946,0,11.1768031592,1,0,0,0,0,0,0,1014.02955851,260.399221774,1,0,0,0.5,130,0,1009.5,259.5,0.2,18,260.123605234,0.069253215455,1500,0,900,0,0,0,1014.02955851,260.399221774,0.749974859838,34650.0431127,0.0415013154701,0,1,0,0,0,0,0,0,0,4.97983424877,0,-20.4486099138,0,0,34705.3386892,1,0,0,0,0,0,0,1,0,0,0,1,0,0,0,1,0,0,0,0,0,0,0,0,19.6,220,0,0,119.6,0,0,0,20,25,18,0.08,0,0,0,0,0,-332.640413882,0,-0,0,0,0,34650.0431127,0.749974859838,6,6,6,-332.816666524,0,0,0,0,0,0,0,-9.80353051156,119.6,1500,0,900,0,0,0
0.98,6378137,0.00335281068118,1014.89233146,9.80352986669,1.06394487008,340.294,5,0,0,255.008573313,0,1014.89233146,259.936567691,0,10.392520665,1,0,0,0,0,0,0,-2.78127436356,0,-9.80352986669,-2.78127436356,0,0,0,0,0,0,0,-9.80352986669,1014.89233146,260.144236355,5,28,3,0,2,0,0,1000,-2.78127436356,0,0,0,0,0,0,0,0,234.204743686,0,1014.02955851,260.159246946,0,11.1768031592,1,0,0,0,0.9,254.936567691,0,10.392520665,5,0,0,1014.89233146,255.148305955,0.749787848024,34631.7555758,0.0407425648855,0,1.06394487008,1,0.98,0.18,234.204743686,0,1014.02955851,260.159246946,0,11.1768031592,1,0,0,0,0,0,0,1014.02955851,260.399221774,1,0,0,0.5,130,0,1009.5,259.5,0.2,18,260.123605234,0.069253215455,1500,0,900,0,0,0,1014.02955851,260.399221774,0.749787848024,34631.7555758,0.0407425648855,0,1,0,0,0,0,0,0,0,4.97983424877,0,-20.4486099138,0,0,34705.3386892,1,0,0,0,0,0,0,1,0,0,0,1,0,0,0,1,0,0,0,0,0,0,0,0,19.6,220,0,0,119.6,0,0,0,20,25,18,0.08,0,0,0,0,0,-332.464853528,0,-0,0,0,0,34631.7555758,0.749787848024,6,6,6,-332.640413882,0,0,0,0,0,0,0,-9.80352986669,119.6,1500,0,900,0,0,0
1,6378137,0.00335281068118,1015.09822117,9.80352923386,1.06391444616,340.294,5,0,0,260.206748705,0,1015.09822117,259.880971562,0,10.1964500741,1,0,0,0,0,0,0,-2.77980646762,0,-9.80352923386,-2.77980646762,0,0,0,0,0,0,0,-9.80352923386,1015.09822117,260.080923895,5,28,3,0,2,0,0,1000,-2.77980646762,0,0,0,0,0,0,0,0,260.206748705,0,1015.09822117,259.880971562,0,10.1964500741,1,0,0,0,1,254.880971562,0,10.1964500741,5,0,0,1015.09822117,255.084843255,0.749601354285,34613.5400811,0.0399834315988,0,1.06391444616,1,1,0.2,260.206748705,0,1015.09822117,259.880971562,0,10.1964500741,1,0,0,0,0,0,0,1015.09822117,260.080923895,2,1,1,1,259.5,0.2,1018,258.5,0.5,16,258.9951737,0.0618165752665,1500,0,900,0,0,0,1015.09822117,260.080923895,0.749601354285,34613.5400811,0.0399834315988,0,1,0,0,0,0,0,0,0,4.97859168657,0,-20.4621956495,0,0,34613.5400811,1,0,0,0,0,0,0,1,0,0,0,1,0,0,0,1,0,0,0,0,0,0,0,0,19.6,220,0,0,119.6,0,0,0,20,25,18,0.08,0,0,0,0,0,-332.289984778,0,-0,0,0,0,34613.5400811,0.749601354285,6,6,6,-332.464853528,0,0,0,0,0,0,0,-9.80352923386,119.6,1500,0,900,0,0,0
1.02,6378137,0.00335281068118,1015.30018947,9.80352861309,1.06388460256,340.294,5,0,0,265.403812468,0,1015.30018947,259.825404675,0,10.0003794956,1,0,0,0,0,0,0,-2.77834435433,0,-9.80352861309,-2.77834435433,0,0,0,0,0,0,0,-9.80352861309,1015.30018947,260.017784977,5,28,3,0,2,0,0,1000,-2.77834435433,0,0,0,0,0,0,0,0,260.206748705,0,1015.09822117,259.880971562,0,10.1964500741,1,0,0,0,1,254.825404675,0,10.0003794956,5,0,0,1015.30018947,255.021556849,0.749415378611,34595.3965577,0.0392239164782,0,1.06388460256,1,1.02,0.22,260.206748705,0,1015.09822117,259.880971562,0,10.1964500741,1,0,0,0,0,0,0,1015.09822117,260.080923895,2,1,1,1,259.5,0.2,1018,258.5,0.5,16,258.9951737,0.0618165752665,1500,0,900,0,0,0,1015.09822117,260.080923895,0.749415378611,34595.3965577,0.0392239164782,0,1,0,0,0,0,0,0,0,4.97859168657,0,-20.4621956495,0,0,34613.5400811,1,0,0,0,0,0,0,1,0,0,0,1,0,0,0,1,0,0,0,0,0,0,0,0,19.6,220,0,0,119.6,0,0,0,20,25,18,0.08,0,0,0,0,0,-332.115806954,0,-0,0,0,0,34595.3965577,0.749415378611,6,6,6,-332.289984778,0,0,0,0,0,0,0,-9.80352861309,119.6,1500,0,900,0,0,0
1.04,6378137,0.00335281068118,1015.49823635,9.80352800437,1.0638553392,340.294,5,0,0,270.599765184,0,1015.49823635,259.769866914,0,9.80430892946,1,0,0,0,0,0,0,-2.77688801801,0,-9.80352800437,-2.77688801801,0,0,0,0,0,0,0,-9.80352800437,1015.49823635,259.954819594,5,28,3,0,2,0,0,1000,-2.77688801801,0,0,0,0,0,0,0,0,260.206748705,0,1015.09822117,259.880971562,0,10.1964500741,1,0,0,0,1,254.769866914,0,9.80430892946,5,0,0,1015.49823635,254.958446734,0.749229920992,34577.3249351,0.0384640203936,0,1.0638553392,1,1.04,0.24,260.206748705,0,1015.09822117,259.880971562,0,10.1964500741,1,0,0,0,0,0,0,1015.09822117,260.080923895,2,1,1,1,259.5,0.2,1018,258.5,0.5,16,258.9951737,0.0618165752665,1500,0,900,0,0,0,1015.09822117,260.080923895,0.749229920992,34577.3249351,0.0384640203936,0,1,0,0,0,0,0,0,0,4.97859168657,0,-20.4621956495,0,0,34613.5400811,1,0,0,0,0,0,0,1,0,0,0,1,0,0,0,1,0,0,0,0,0,0,0,0,19.6,220,0,0,119.6,0,0,0,20,25,18,0.08,0,0,0,0,0,-331.942319377,0,-0,0,0,0,34577.3249351,0.749229920992,6,6,6,-332.115806954,0,0,0,0,0,0,0,-9.80352800437,119.6,1500,0,900,0,0,0
1.06,6378137,0.00335281068118,1015.69236182,9.8035274077,1.06382665606,340.294,5,0,0,275.794607434,0,1015.69236182,259.714358165,0,9.60823837536,1,0,0,0,0,0,0,-2.77543745298,0,-9.8035274077,-2.77543745298,0,0,0,0,0,0,0,-9.8035274077,1015.69236182,259.892027738,5,28,3,0,2,0,0,1000,-2.77543745298,0,0,0,0,0,0,0,0,260.206748705,0,1015.09822117,259.880971562,0,10.1964500741,1,0,0,0,1,254.714358165,0,9.60823837536,5,0,0,1015.69236182,254.895512907,0.74904498142,34559.3251429,0.0377037442165,0,1.06382665606,1,1.06,0.26,260.206748705,0,1015.09822117,259.880971562,0,10.1964500741,1,0,0,0,0,0,0,1015.09822117,260.080923895,2,1,1,1,259.5,0.2,1018,258.5,0.5,16,258.9951737,0.0618165752665,1500,0,900,0,0,0,1015.09822117,260.080923895,0.74904498142,34559.3251429,0.0377037442165,0,1,0,0,0,0,0,0,0,4.97859168657,0,-20.4621956495,0,0,34613.5400811,1,0,0,0,0,0,0,1,0,0,0,1,0,0,0,1,0,0,0,0,0,0,0,0,19.6,220,0,0,119.6,0,0,0,20,25,18,0.08,0,0,0,0,0,-331.769521372,0,-0,0,0,0,34559.3251429,0.74904498142,6,6,6,-331.942319377,0,0,0,0,0,0,0,-9.8035274077,119.6,1500,0,900,0,0,0
1.08,6378137,0.00335281068118,1015.88256588,9.80352682309,1.06379855308,340.294,5,0,0,280.988339799,0,1015.88256588,259.658878312,0,9.41216783307,1,0,0,0,0,0,0,-2.77399265361,0,-9.80352682309,-2.77399265361,0,0,0,0,0,0,0,-9.80352682309,1015.88256588,259.829409401,5,28,3,0,2,0,0,1000,-2.77399265361,0,0,0,0,0,0,0,0,260.206748705,0,1015.09822117,259.880971562,0,10.1964500741,1,0,0,0,1,254.658878312,0,9.41216783307,5,0,0,1015.88256588,254.832755364,0.748860559881,34541.3971112,0.0369430888198,0,1.06379855308,1,1.08,0.28,260.206748705,0,1015.09822117,259.880971562,0,10.1964500741,1,0,0,0,0,0,0,1015.09822117,260.080923895,2,1,1,1,259.5,0.2,1018,258.5,0.5,16,258.9951737,0.0618165752665,1500,0,900,0,0,0,1015.09822117,260.080923895,0.748860559881,34541.3971112,0.0369430888198,0,1,0,0,0,0,0,0,0,4.97859168657,0,-20.4621956495,0,0,34613.5400811,1,0,0,0,0,0,0,1,0,0,0,1,0,0,0,1,0,0,0,0,0,0,0,0,19.6,220,0,0,119.6,0,0,0,20,25,18,0.08,0,0,0,0,0,-331.597412267,0,-0,0,0,0,34541.3971112,0.748860559881,6,6,6,-331.769521372,0,0,0,0,0,0,0,-9.80352682309,119.6,1500,0,900,0,0,0
1.1,6378137,0.00335281068118,1016.06884854,9.80352625053,1.06377103021,340.294,5,0,0,286.180962855,0,1016.06884854,259.60342724,0,9.21609730235,1,0,0,0,0,0,0,-2.77255361427,0,-9.80352625053,-2.77255361427,0,0,0,0,0,0,0,-9.80352625053,1016.06884854,259.766964574,5,28,3,0,2,0,0,1000,-2.77255361427,0,0,0,0,0,0,0,0,286.180962855,0,1016.06884854,259.60342724,0,9.21609730235,1,0,0,0,1.1,254.60342724,0,9.21609730235,5,0,0,1016.06884854,254.770174102,0.748676656367,34523.54077,0.0361820550777,0,1.06377103021,1,1.1,0.3,286.180962855,0,1016.06884854,259.60342724,0,9.21609730235,1,0,0,0,0,0,0,1016.06884854,259.766964574,2,1,1,1,259.5,0.2,1018,258.5,0.5,16,258.9951737,0.0618165752665,1500,0,900,0,0,0,1016.06884854,259.766964574,0.748676656367,34523.54077,0.0361820550777,0,1,0,0,0,0,0,0,0,4.97729625098,0,-20.4759433054,0,0,34523.54077,1,0,0,0,0,0,0,1,0,0,0,1,0,0,0,1,0,0,0,0,0,0,0,0,19.6,220,0,0,119.6,0,0,0,20,25,18,0.08,0,0,0,0,0,-331.425991392,0,-0,0,0,0,34523.54077,0.748676656367,6,6,6,-331.597412267,0,0,0,0,0,0,0,-9.80352625053,119.6,1500,0,900,0,0,0
1.12,6378137,0.00335281068118,1016.25120978,9.80352569002,1.06374408741,340.294,5,0,0,291.372477175,0,1016.25120978,259.548004833,0,9.02002678297,1,0,0,0,0,0,0,-2.77112032936,0,-9.80352569002,-2.77112032936,0,0,0,0,0,0,0,-9.80352569002,1016.25120978,259.70469325,5,28,3,0,2,0,0,1000,-2.77112032936,0,0,0,0,0,0,0,0,286.180962855,0,1016.06884854,259.60342724,0,9.21609730235,1,0,0,0,1.1,254.548004833,0,9.02002678297,5,0,0,1016.25120978,254.707769115,0.748493270864,34505.7560499,0.0354206438661,0,1.06374408741,1,1.12,0.32,286.180962855,0,1016.06884854,259.60342724,0,9.21609730235,1,0,0,0,0,0,0,1016.06884854,259.766964574,2,1,1,1,259.5,0.2,1018,258.5,0.5,16,258.9951737,0.0618165752665,1500,0,900,0,0,0,1016.06884854,259.766964574,0.748493270864,34505.7560499,0.0354206438661,0,1,0,0,0,0,0,0,0,4.97729625098,0,-20.4759433054,0,0,34523.54077,1,0,0,0,0,0,0,1,0,0,0,1,0,0,0,1,0,0,0,0,0,0,0,0,19.6,220,0,0,119.6,0,0,0,20,25,18,0.08,0,0,0,0,0,-331.255258079,0,-0,0,0,0,34505.7560499,0.748493270864,6,6,6,-331.425991392,0,0,0,0,0,0,0,-9.80352569002,119.6,1500,0,900,0,0,0
1.14,6378137,0.00335281068118,1016.42964961,9.80352514156,1.06371772464,340.294,5,0,0,296.562883334,0,1016.42964961,259.492610977,0,8.82395627467,1,0,0,0,0,0,0,-2.76969279331,0,-9.80352514156,-2.76969279331,0,0,0,0,0,0,0,-9.80352514156,1016.42964961,259.64259542,5,28,3,0,2,0,0,1000,-2.76969279331,0,0,0,0,0,0,0,0,286.180962855,0,1016.06884854,259.60342724,0,9.21609730235,1,0,0,0,1.1,254.492610977,0,8.82395627467,5,0,0,1016.42964961,254.645540402,0.748310403362,34488.0428817,0.0346588560624,0,1.06371772464,1,1.14,0.34,286.180962855,0,1016.06884854,259.60342724,0,9.21609730235,1,0,0,0,0,0,0,1016.06884854,259.766964574,2,1,1,1,259.5,0.2,1018,258.5,0.5,16,258.9951737,0.0618165752665,1500,0,900,0,0,0,1016.06884854,259.766964574,0.748310403362,34488.0428817,0.0346588560624,0,1,0,0,0,0,0,0,0,4.97729625098,0,-20.4759433054,0,0,34523.54077,1,0,0,0,0,0,0,1,0,0,0,1,0,0,0,1,0,0,0,0,0,0,0,0,19.6,220,0,0,119.6,0,0,0,20,25,18,0.08,0,0,0,0,0,-331.085211665,0,-0,0,0,0,34488.0428817,0.748310403362,6,6,6,-331.255258079,0,0,0,0,0,0,0,-9.80352514156,119.6,1500,0,900,0,0,0
1.16,6378137,0.00335281068118,1016.60416803,9.80352460516,1.06369194185,340.294,5,0,0,301.752181899,0,1016.60416803,259.437245557,0,8.62788577723,1,0,0,0,0,0,0,-2.76827100054,0,-9.80352460516,-2.76827100054,0,0,0,0,0,0,0,-9.80352460516,1016.60416803,259.580671074,5,28,3,0,2,0,0,1000,-2.76827100054,0,0,0,0,0,0,0,0,286.180962855,0,1016.06884854,259.60342724,0,9.21609730235,1,0,0,0,1.1,254.437245557,0,8.62788577723,5,0,0,1016.60416803,254.583487956,0.748128053848,34470.4011964,0.0338966925454,0,1.06369194185,1,1.16,0.36,286.180962855,0,1016.06884854,259.60342724,0,9.21609730235,1,0,0,0,0,0,0,1016.06884854,259.766964574,2,1,1,1,259.5,0.2,1018,258.5,0.5,16,258.9951737,0.0618165752665,1500,0,900,0,0,0,1016.06884854,259.766964574,0.748128053848,34470.4011964,0.0338966925454,0,1,0,0,0,0,0,0,0,4.97729625098,0,-20.4759433054,0,0,34523.54077,1,0,0,0,0,0,0,1,0,0,0,1,0,0,0,1,0,0,0,0,0,0,0,0,19.6,220,0,0,119.6,0,0,0,20,25,18,0.08,0,0,0,0,0,-330.915851486,0,-0,0,0,0,34470.4011964,0.748128053848,6,6,6,-331.085211665,0,0,0,0,0,0,0,-9.80352460516,119.6,1500,0,900,0,0,0
1.18,6378137,0.00335281068118,1016.77476504,9.80352408081,1.063666739,340.294,5,0,0,306.940373439,0,1016.77476504,259.381908459,0,8.43181529039,1,0,0,0,0,0,0,-2.76685494553,0,-9.80352408081,-2.76685494553,0,0,0,0,0,0,0,-9.80352408081,1016.77476504,259.518920206,5,28,3,0,2,0,0,1000,-2.76685494553,0,0,0,0,0,0,0,0,286.180962855,0,1016.06884854,259.60342724,0,9.21609730235,1,0,0,0,1.1,254.381908459,0,8.43181529039,5,0,0,1016.77476504,254.521611774,0.747946222308,34452.8309253,0.0331341541954,0,1.063666739,1,1.18,0.38,286.180962855,0,1016.06884854,259.60342724,0,9.21609730235,1,0,0,0,0,0,0,1016.06884854,259.766964574,2,1,1,1,259.5,0.2,1018,258.5,0.5,16,258.9951737,0.0618165752665,1500,0,900,0,0,0,1016.06884854,259.766964574,0.747946222308,34452.8309253,0.0331341541954,0,1,0,0,0,0,0,0,0,4.97729625098,0,-20.4759433054,0,0,34523.54077,1,0,0,0,0,0,0,1,0,0,0,1,0,0,0,1,0,0,0,0,0,0,0,0,19.6,220,0,0,119.6,0,0,0,20,25,18,0.08,0,0,0,0,0,-330.747176883,0,-0,0,0,0,34452.8309253,0.747946222308,6,6,6,-330.915851486,0,0,0,0,0,0,0,-9.80352408081,119.6,1500,0,900,0,0,0
1.2,6378137,0.00335281068118,1016.94144064,9.80352356851,1.06364211605,340.294,5,0,0,312.127458519,0,1016.94144064,259.326599566,0,8.23574481391,1,0,0,0,0,0,0,-2.76544462277,0,-9.80352356851,-2.76544462277,0,0,0,0,0,0,0,-9.80352356851,1016.94144064,259.457342804,5,28,3,0,2,0,0,1000,-2.76544462277,0,0,0,0,0,0,0,0,312.127458519,0,1016.94144064,259.326599566,0,8.23574481391,1,0,0,0,1.2,254.326599566,0,8.23574481391,5,0,0,1016.94144064,254.459911852,0.74776490873,34435.3319999,0.0323712418941,0,1.06364211605,1,1.2,0.4,312.127458519,0,1016.94144064,259.326599566,0,8.23574481391,1,0,0,0,0,0,0,1016.94144064,259.457342804,2,1,1,1,259.5,0.2,1018,258.5,0.5,16,258.9951737,0.0618165752665,1500,0,900,0,0,0,1016.94144064,259.457342804,0.74776490873,34435.3319999,0.0323712418941,0,1,0,0,0,0,0,0,0,4.97594560883,0,-20.4898625296,0,0,34435.3319999,1,0,0,0,0,0,0,1,0,0,0,1,0,0,0,1,0,0,0,0,0,0,0,0,19.6,220,0,0,119.6,0,0,0,20,25,18,0.08,0,0,0,0,0,-330.579187199,0,-0,0,0,0,34435.3319999,0.74776490873,6,6,6,-330.747176883,0,0,0,0,0,0,0,-9.80352356851,119.6,1500,0,900,0,0,0
1.22,6378137,0.00335281068118,1017.10419483,9.80352306827,1.06361807296,340.294,5,0,0,317.313437703,0,1017.10419483,259.271318766,0,8.03967434756,1,0,0,0,0,0,0,-2.76404002675,0,-9.80352306827,-2.76404002675,0,0,0,0,0,0,0,-9.80352306827,1017.10419483,259.395938862,5,28,3,0,2,0,0,1000,-2.76404002675,0,0,0,0,0,0,0,0,312.127458519,0,1016.94144064,259.326599566,0,8.23574481391,1,0,0,0,1.2,254.271318766,0,8.03967434756,5,0,0,1017.10419483,254.398388184,0.747584113101,34417.904352,0.0316079565249,0,1.06361807296,1,1.22,0.42,312.127458519,0,1016.94144064,259.326599566,0,8.23574481391,1,0,0,0,0,0,0,1016.94144064,259.457342804,2,1,1,1,259.5,0.2,1018,258.5,0.5,16,258.9951737,0.0618165752665,1500,0,900,0,0,0,1016.94144064,259.457342804,0.747584113101,34417.904352,0.0316079565249,0,1,0,0,0,0,0,0,0,4.97594560883,0,-20.4898625296,0,0,34435.3319999,1,0,0,0,0,0,0,1,0,0,0,1,0,0,0,1,0,0,0,0,0,0,0,0,19.6,220,0,0,119.6,0,0,0,20,25,18,0.08,0,0,0,0,0,-330.41188178,0,-0,0,0,0,34417.904352,0.747584113101,6,6,6,-330.579187199,0,0,0,0,0,0,0,-9.80352306827,119.6,1500,0,900,0,0,0
1.24,6378137,0.00335281068118,1017.26302761,9.80352258008,1.06359460969,340.294,5,0,0,322.49831155,0,1017.26302761,259.216065943,0,7.8436038911,1,0,0,0,0,0,0,-2.762641152,0,-9.80352258008,-2.762641152,0,0,0,0,0,0,0,-9.80352258008,1017.26302761,259.334708369,5,28,3,0,2,0,0,1000,-2.762641152,0,0,0,0,0,0,0,0,312.127458519,0,1016.94144064,259.326599566,0,8.23574481391,1,0,0,0,1.2,254.216065943,0,7.8436038911,5,0,0,1017.26302761,254.337040765,0.747403835405,34400.5479138,0.0308442989722,0,1.06359460969,1,1.24,0.44,312.127458519,0,1016.94144064,259.326599566,0,8.23574481391,1,0,0,0,0,0,0,1016.94144064,259.457342804,2,1,1,1,259.5,0.2,1018,258.5,0.5,16,258.9951737,0.0618165752665,1500,0,900,0,0,0,1016.94144064,259.457342804,0.747403835405,34400.5479138,0.0308442989722,0,1,0,0,0,0,0,0,0,4.97594560883,0,-20.4898625296,0,0,34435.3319999,1,0,0,0,0,0,0,1,0,0,0,1,0,0,0,1,0,0,0,0,0,0,0,0,19.6,220,0,0,119.6,0,0,0,20,25,18,0.08,0,0,0,0,0,-330.245259973,0,-0,0,0,0,34400.5479138,0.747403835405,6,6,6,-330.41188178,0,0,0,0,0,0,0,-9.80352258008,119.6,1500,0,900,0,0,0
1.26,6378137,0.00335281068118,1017.41793899,9.80352210394,1.0635717262,340.294,5,0,0,327.682080619,0,1017.41793899,259.160840983,0,7.64753344428,1,0,0,0,0,0,0,-2.76124799308,0,-9.80352210394,-2.76124799308,0,0,0,0,0,0,0,-9.80352210394,1017.41793899,259.273651316,5,28,3,0,2,0,0,1000,-2.76124799308,0,0,0,0,0,0,0,0,312.127458519,0,1016.94144064,259.326599566,0,8.23574481391,1,0,0,0,1.2,254.160840983,0,7.64753344428,5,0,0,1017.41793899,254.275869592,0.747224075629,34383.2626176,0.0300802701224,0,1.0635717262,1,1.26,0.46,312.127458519,0,1016.94144064,259.326599566,0,8.23574481391,1,0,0,0,0,0,0,1016.94144064,259.457342804,2,1,1,1,259.5,0.2,1018,258.5,0.5,16,258.9951737,0.0618165752665,1500,0,900,0,0,0,1016.94144064,259.457342804,0.747224075629,34383.2626176,0.0300802701224,0,1,0,0,0,0,0,0,0,4.97594560883,0,-20.4898625296,0,0,34435.3319999,1,0,0,0,0,0,0,1,0,0,0,1,0,0,0,1,0,0,0,0,0,0,0,0,19.6,220,0,0,119.6,0,0,0,20,25,18,0.08,0,0,0,0,0,-330.079321129,0,-0,0,0,0,34383.2626176,0.747224075629,6,6,6,-330.245259973,0,0,0,0,0,0,0,-9.80352210394,119.6,1500,0,900,0,0,0
1.28,6378137,0.00335281068118,1017.56892895,9.80352163986,1.06354942245,340.294,5,0,0,332.864745466,0,1017.56892895,259.105643772,0,7.45146300686,1,0,0,0,0,0,0,-2.75986054456,0,-9.80352163986,-2.75986054456,0,0,0,0,0,0,0,-9.80352163986,1017.56892895,259.212767693,5,28,3,0,2,0,0,1000,-2.75986054456,0,0,0,0,0,0,0,0,312.127458519,0,1016.94144064,259.326599566,0,8.23574481391,1,0,0,0,1.2,254.105643772,0,7.45146300686,5,0,0,1017.56892895,254.214874658,0.747044833757,34366.048396,0.0293158708631,0,1.06354942245,1,1.28,0.48,312.127458519,0,1016.94144064,259.326599566,0,8.23574481391,1,0,0,0,0,0,0,1016.94144064,259.457342804,2,1,1,1,259.5,0.2,1018,258.5,0.5,16,258.9951737,0.0618165752665,1500,0,900,0,0,0,1016.94144064,259.457342804,0.747044833757,34366.048396,0.0293158708631,0,1,0,0,0,0,0,0,0,4.97594560883,0,-20.4898625296,0,0,34435.3319999,1,0,0,0,0,0,0,1,0,0,0,1,0,0,0,1,0,0,0,0,0,0,0,0,19.6,220,0,0,119.6,0,0,0,20,25,18,0.08,0,0,0,0,0,-329.914064601,0,-0,0,0,0,34366.048396,0.747044833757,6,6,6,-330.079321129,0,0,0,0,0,0,0,-9.80352163986,119.6,1500,0,900,0,0,0
1.3,6378137,0.00335281068118,1017.71599751,9.80352118783,1.06352769841,340.294,5,0,0,338.046306646,0,1017.71599751,259.050474196,0,7.25539257861,1,0,0,0,0,0,0,-2.75847880102,0,-9.80352118783,-2.75847880102,0,0,0,0,0,0,0,-9.80352118783,1017.71599751,259.152057492,5,28,3,0,2,0,0,1000,-2.75847880102,0,0,0,0,0,0,0,0,338.046306646,0,1017.71599751,259.050474196,0,7.25539257861,1,0,0,0,1.3,254.050474196,0,7.25539257861,5,0,0,1017.71599751,254.154055959,0.746866109773,34348.9051819,0.0285511020832,0,1.06352769841,1,1.3,0.5,338.046306646,0,1017.71599751,259.050474196,0,7.25539257861,1,0,0,0,0,0,0,1017.71599751,259.152057492,2,1,1,1,259.5,0.2,1018,258.5,0.5,16,258.9951737,0.0618165752665,1500,0,900,0,0,0,1017.71599751,259.152057492,0.746866109773,34348.9051819,0.0285511020832,0,1,0,0,0,0,0,0,0,4.97453721249,0,-20.5039638098,0,0,34348.9051819,1,0,0,0,0,0,0,1,0,0,0,1,0,0,0,1,0,0,0,0,0,0,0,0,19.6,220,0,0,119.6,0,0,0,20,25,18,0.08,0,0,0,0,0,-329.749489746,0,-0,0,0,0,34348.9051819,0.746866109773,6,6,6,-329.914064601,0,0,0,0,0,0,0,-9.80352118783,119.6,1500,0,900,0,0,0
1.32,6378137,0.00335281068118,1017.85914465,9.80352074785,1.06350655404,340.294,5,0,0,343.22676471,0,1017.85914465,258.995332141,0,7.05932215927,1,0,0,0,0,0,0,-2.75710275707,0,-9.80352074785,-2.75710275707,0,0,0,0,0,0,0,-9.80352074785,1017.85914465,259.091520703,5,28,3,0,2,0,0,1000,-2.75710275707,0,0,0,0,0,0,0,0,338.046306646,0,1017.71599751,259.050474196,0,7.25539257861,1,0,0,0,1.3,253.995332141,0,7.05932215927,5,0,0,1017.85914465,254.093413489,0.746687903663,34331.8329084,0.0277859646734,0,1.06350655404,1,1.32,0.52,338.046306646,0,1017.71599751,259.050474196,0,7.25539257861,1,0,0,0,0,0,0,1017.71599751,259.152057492,2,1,1,1,259.5,0.2,1018,258.5,0.5,16,258.9951737,0.0618165752665,1500,0,900,0,0,0,1017.71599751,259.152057492,0.746687903663,34331.8329084,0.0277859646734,0,1,0,0,0,0,0,0,0,4.97453721249,0,-20.5039638098,0,0,34348.9051819,1,0,0,0,0,0,0,1,0,0,0,1,0,0,0,1,0,0,0,0,0,0,0,0,19.6,220,0,0,119.6,0,0,0,20,25,18,0.08,0,0,0,0,0,-329.58559592,0,-0,0,0,0,34331.8329084,0.746687903663,6,6,6,-329.749489746,0,0,0,0,0,0,0,-9.80352074785,119.6,1500,0,900,0,0,0
1.34,6378137,0.00335281068118,1017.99837039,9.80352031992,1.06348598931,340.294,5,0,0,348.406120206,0,1017.99837039,258.940217492,0,6.86325174861,1,0,0,0,0,0,0,-2.75573240736,0,-9.80352031992,-2.75573240736,0,0,0,0,0,0,0,-9.80352031992,1017.99837039,259.031157314,5,28,3,0,2,0,0,1000,-2.75573240736,0,0,0,0,0,0,0,0,338.046306646,0,1017.71599751,259.050474196,0,7.25539257861,1,0,0,0,1.3,253.940217492,0,6.86325174861,5,0,0,1017.99837039,254.032947242,0.746510215409,34314.8315089,0.0270204595254,0,1.06348598931,1,1.34,0.54,338.046306646,0,1017.71599751,259.050474196,0,7.25539257861,1,0,0,0,0,0,0,1017.71599751,259.152057492,2,1,1,1,259.5,0.2,1018,258.5,0.5,16,258.9951737,0.0618165752665,1500,0,900,0,0,0,1017.71599751,259.152057492,0.746510215409,34314.8315089,0.0270204595254,0,1,0,0,0,0,0,0,0,4.97453721249,0,-20.5039638098,0,0,34348.9051819,1,0,0,0,0,0,0,1,0,0,0,1,0,0,0,1,0,0,0,0,0,0,0,0,19.6,220,0,0,119.6,0,0,0,20,25,18,0.08,0,0,0,0,0,-329.422382485,0,-0,0,0,0,34314.8315089,0.746510215409,6,6,6,-329.58559592,0,0,0,0,0,0,0,-9.80352031992,119.6,1500,0,900,0,0,0
1.36,6378137,0.00335281068118,1018.13367472,9.80351990405,1.06346600419,340.294,5,0,0,353.584373682,0,1018.13367472,258.885130138,0,6.66718134639,1,0,0,0,0,0,0,-2.75436774653,0,-9.80351990405,-2.75436774653,0,0,0,0,0,0,0,-9.80351990405,1018.13367472,258.970967318,5,28,3,0,2,0,0,1000,-2.75436774653,0,0,0,0,0,0,0,0,338.046306646,0,1017.71599751,259.050474196,0,7.25539257861,1,0,0,0,1.3,253.885130138,0,6.66718134639,5,0,0,1018.13367472,253.972657213,0.746333044995,34297.9009171,0.0262545875328,0,1.06346600419,1,1.36,0.56,338.046306646,0,1017.71599751,259.050474196,0,7.25539257861,1,0,0,0,0,0,0,1017.71599751,259.152057492,2,1,1,1,259.5,0.2,1018,258.5,0.5,16,258.9951737,0.0618165752665,1500,0,900,0,0,0,1017.71599751,259.152057492,0.746333044995,34297.9009171,0.0262545875328,0,1,0,0,0,0,0,0,0,4.97453721249,0,-20.5039638098,0,0,34348.9051819,1,0,0,0,0,0,0,1,0,0,0,1,0,0,0,1,0,0,0,0,0,0,0,0,19.6,220,0,0,119.6,0,0,0,20,25,18,0.08,0,0,0,0,0,-329.259848804,0,-0,0,0,0,34297.9009171,0.746333044995,6,6,6,-329.422382485,0,0,0,0,0,0,0,-9.80351990405,119.6,1500,0,900,0,0,0
1.38,6378137,0.00335281068118,1018.26505765,9.80351950023,1.06344659863,340.294,5,0,0,358.761525683,0,1018.26505765,258.830069962,0,6.47111095237,1,0,0,0,0,0,0,-2.75300876927,0,-9.80351950023,-2.75300876927,0,0,0,0,0,0,0,-9.80351950023,1018.26505765,258.910950702,5,28,3,0,2,0,0,1000,-2.75300876927,0,0,0,0,0,0,0,0,338.046306646,0,1017.71599751,259.050474196,0,7.25539257861,1,0,0,0,1.3,253.830069962,0,6.47111095237,5,0,0,1018.26505765,253.912543396,0.746156392402,34281.041067,0.0254883495903,0,1.06344659863,1,1.38,0.58,338.046306646,0,1017.71599751,259.050474196,0,7.25539257861,1,0,0,0,0,0,0,1017.71599751,259.152057492,2,1,1,1,259.5,0.2,1018,258.5,0.5,16,258.9951737,0.0618165752665,1500,0,900,0,0,0,1017.71599751,259.152057492,0.746156392402,34281.041067,0.0254883495903,0,1,0,0,0,0,0,0,0,4.97453721249,0,-20.5039638098,0,0,34348.9051819,1,0,0,0,0,0,0,1,0,0,0,1,0,0,0,1,0,0,0,0,0,0,0,0,19.6,220,0,0,119.6,0,0,0,20,25,18,0.08,0,0,0,0,0,-329.097994243,0,-0,0,0,0,34281.041067,0.746156392402,6,6,6,-329.259848804,0,0,0,0,0,0,0,-9.80351950023,119.6,1500,0,900,0,0,0
1.4,6378137,0.00335281068118,1018.39251916,9.80351910846,1.06342777262,340.294,5,0,0,363.937576751,0,1018.39251916,258.775036853,0,6.2750405663,1,0,0,0,0,0,0,-2.75165547026,0,-9.80351910846,-2.75165547026,0,0,0,0,0,0,0,-9.80351910846,1018.39251916,258.851107458,5,28,3,0,2,0,0,1000,-2.75165547026,0,0,0,0,0,0,0,0,363.937576751,0,1018.39251916,258.775036853,0,6.2750405663,1,0,0,0,1.4,253.775036853,0,6.2750405663,5,0,0,1018.39251916,253.852605785,0.745980257615,34264.2518927,0.0247217465942,0,1.06342777262,1,1.4,0.6,363.937576751,0,1018.39251916,258.775036853,0,6.2750405663,1,0,0,0,0,0,0,1018.39251916,258.851107458,2,1,1,1,259.5,0.2,1018,258.5,0.5,16,258.9951737,0.0618165752665,1500,0,900,0,0,0,1018.39251916,258.851107458,0.745980257615,34264.2518927,0.0247217465942,0,1,0,0,0,0,0,0,0,4.97306827422,0,-20.5182585648,0,0,34264.2518927,1,0,0,0,0,0,0,1,0,0,0,1,0,0,0,1,0,0,0,0,0,0,0,0,19.6,220,0,0,119.6,0,0,0,20,25,18,0.08,0,0,0,0,0,-328.936818169,0,-0,0,0,0,34264.2518927,0.745980257615,6,6,6,-329.097994243,0,0,0,0,0,0,0,-9.80351910846,119.6,1500,0,900,0,0,0
1.42,6378137,0.00335281068118,1018.51605927,9.80351872875,1.06340952611,340.294,5,0,0,369.112527427,0,1018.51605927,258.720030696,0,6.07897018795,1,0,0,0,0,0,0,-2.75030784423,0,-9.80351872875,-2.75030784423,0,0,0,0,0,0,0,-9.80351872875,1018.51605927,258.791437574,5,28,3,0,2,0,0,1000,-2.75030784423,0,0,0,0,0,0,0,0,363.937576751,0,1018.39251916,258.775036853,0,6.2750405663,1,0,0,0,1.4,253.720030696,0,6.07897018795,5,0,0,1018.51605927,253.792844373,0.745804640613,34247.5333286,0.0239547794421,0,1.06340952611,1,1.42,0.62,363.937576751,0,1018.39251916,258.775036853,0,6.2750405663,1,0,0,0,0,0,0,1018.39251916,258.851107458,2,1,1,1,259.5,0.2,1018,258.5,0.5,16,258.9951737,0.0618165752665,1500,0,900,0,0,0,1018.39251916,258.851107458,0.745804640613,34247.5333286,0.0239547794421,0,1,0,0,0,0,0,0,0,4.97306827422,0,-20.5182585648,0,0,34264.2518927,1,0,0,0,0,0,0,1,0,0,0,1,0,0,0,1,0,0,0,0,0,0,0,0,19.6,220,0,0,119.6,0,0,0,20,25,18,0.08,0,0,0,0,0,-328.776319954,0,-0,0,0,0,34247.5333286,0.745804640613,6,6,6,-328.936818169,0,0,0,0,0,0,0,-9.80351872875,119.6,1500,0,900,0,0,0
1.44,6378137,0.00335281068118,1018.63567797,9.80351836109,1.06339185908,340.294,5,0,0,374.286378248,0,1018.63567797,258.665051378,0,5.88289981707,1,0,0,0,0,0,0,-2.74896588591,0,-9.80351836109,-2.74896588591,0,0,0,0,0,0,0,-9.80351836109,1018.63567797,258.731941041,5,28,3,0,2,0,0,1000,-2.74896588591,0,0,0,0,0,0,0,0,363.937576751,0,1018.39251916,258.775036853,0,6.2750405663,1,0,0,0,1.4,253.665051378,0,5.88289981707,5,0,0,1018.63567797,253.733259154,0.745629541379,34230.8853095,0.0231874490331,0,1.06339185908,1,1.44,0.64,363.937576751,0,1018.39251916,258.775036853,0,6.2750405663,1,0,0,0,0,0,0,1018.39251916,258.851107458,2,1,1,1,259.5,0.2,1018,258.5,0.5,16,258.9951737,0.0618165752665,1500,0,900,0,0,0,1018.39251916,258.851107458,0.745629541379,34230.8853095,0.0231874490331,0,1,0,0,0,0,0,0,0,4.97306827422,0,-20.5182585648,0,0,34264.2518927,1,0,0,0,0,0,0,1,0,0,0,1,0,0,0,1,0,0,0,0,0,0,0,0,19.6,220,0,0,119.6,0,0,0,20,25,18,0.08,0,0,0,0,0,-328.616498971,0,-0,0,0,0,34230.8853095,0.745629541379,6,6,6,-328.776319954,0,0,0,0,0,0,0,-9.80351836109,119.6,1500,0,900,0,0,0
1.46,6378137,0.00335281068118,1018.75137526,9.80351800548,1.0633747715,340.294,5,0,0,379.459129749,0,1018.75137526,258.610098786,0,5.68682945343,1,0,0,0,0,0,0,-2.74762959006,0,-9.80351800548,-2.74762959006,0,0,0,0,0,0,0,-9.80351800548,1018.75137526,258.672617846,5,28,3,0,2,0,0,1000,-2.74762959006,0,0,0,0,0,0,0,0,363.937576751,0,1018.39251916,258.775036853,0,6.2750405663,1,0,0,0,1.4,253.610098786,0,5.68682945343,5,0,0,1018.75137526,253.673850122,0.745454959893,34214.3077704,0.0224197562677,0,1.0633747715,1,1.46,0.66,363.937576751,0,1018.39251916,258.775036853,0,6.2750405663,1,0,0,0,0,0,0,1018.39251916,258.851107458,2,1,1,1,259.5,0.2,1018,258.5,0.5,16,258.9951737,0.0618165752665,1500,0,900,0,0,0,1018.39251916,258.851107458,0.745454959893,34214.3077704,0.0224197562677,0,1,0,0,0,0,0,0,0,4.97306827422,0,-20.5182585648,0,0,34264.2518927,1,0,0,0,0,0,0,1,0,0,0,1,0,0,0,1,0,0,0,0,0,0,0,0,19.6,220,0,0,119.6,0,0,0,20,25,18,0.08,0,0,0,0,0,-328.457354596,0,-0,0,0,0,34214.3077704,0.745454959893,6,6,6,-328.616498971,0,0,0,0,0,0,0,-9.80351800548,119.6,1500,0,900,0,0,0
1.48,6378137,0.00335281068118,1018.86315115,9.80351766192,1.06335826334,340.294,5,0,0,384.630782465,0,1018.86315115,258.555172807,0,5.49075909677,1,0,0,0,0,0,0,-2.74629895147,0,-9.80351766192,-2.74629895147,0,0,0,0,0,0,0,-9.80351766192,1018.86315115,258.61346798,5,28,3,0,2,0,0,1000,-2.74629895147,0,0,0,0,0,0,0,0,363.937576751,0,1018.39251916,258.775036853,0,6.2750405663,1,0,0,0,1.4,253.555172807,0,5.49075909677,5,0,0,1018.86315115,253.61461727,0.745280896136,34197.8006464,0.0216517020477,0,1.06335826334,1,1.48,0.68,363.937576751,0,1018.39251916,258.775036853,0,6.2750405663,1,0,0,0,0,0,0,1018.39251916,258.851107458,2,1,1,1,259.5,0.2,1018,258.5,0.5,16,258.9951737,0.0618165752665,1500,0,900,0,0,0,1018.39251916,258.851107458,0.745280896136,34197.8006464,0.0216517020477,0,1,0,0,0,0,0,0,0,4.97306827422,0,-20.5182585648,0,0,34264.2518927,1,0,0,0,0,0,0,1,0,0,0,1,0,0,0,1,0,0,0,0,0,0,0,0,19.6,220,0,0,119.6,0,0,0,20,25,18,0.08,0,0,0,0,0,-328.298886206,0,-0,0,0,0,34197.8006464,0.745280896136,6,6,6,-328.457354596,0,0,0,0,0,0,0,-9.80351766192,119.6,1500,0,900,0,0,0
1.5,6378137,0.00335281068118,1018.97100563,9.80351733042,1.06334233458,340.294,5,0,0,389.801336926,0,1018.97100563,258.500273328,0,5.29468874687,1,0,0,0,0,0,0,-2.74497396493,0,-9.80351733042,-2.74497396493,0,0,0,0,0,0,0,-9.80351733042,1018.97100563,258.554491432,5,28,3,0,2,0,0,1000,-2.74497396493,0,0,0,0,0,0,0,0,389.801336926,0,1018.97100563,258.500273328,0,5.29468874687,1,0,0,0,1.5,253.500273328,0,5.29468874687,5,0,0,1018.97100563,253.55556059,0.745107350087,34181.3638732,0.0208832872766,0,1.06334233458,1,1.5,0.7,389.801336926,0,1018.97100563,258.500273328,0,5.29468874687,1,0,0,0,0,0,0,1018.97100563,258.554491432,3,1,1,1.5,388.5,0.6,1025.5,257,0.8,14,257.382283773,0.0544206563148,1500,0,900,0,0,0,1018.97100563,258.554491432,0.745107350087,34181.3638732,0.0208832872766,0,1,0,0,0,0,0,0,0,4.97153573682,0,-20.5327592491,0,0,34181.3638732,1,0,0,0,0,0,0,1,0,0,0,1,0,0,0,1,0,0,0,0,0,0,0,0,19.6,220,0,0,119.6,0,0,0,20,25,18,0.08,0,0,0,0,0,-328.141093182,0,-0,0,0,0,34181.3638732,0.745107350087,6,6,6,-328.298886206,0,0,0,0,0,0,0,-9.80351733042,119.6,1500,0,900,0,0,0
1.52,6378137,0.00335281068118,1019.0749387,9.80351701097,1.06332698519,340.294,5,0,0,394.970793662,0,1019.0749387,258.445400235,0,5.09861840348,1,0,0,0,0,0,0,-2.74365462527,0,-9.80351701097,-2.74365462527,0,0,0,0,0,0,0,-9.80351701097,1019.0749387,258.495688189,5,28,3,0,2,0,0,1000,-2.74365462527,0,0,0,0,0,0,0,0,389.801336926,0,1018.97100563,258.500273328,0,5.29468874687,1,0,0,0,1.5,253.445400235,0,5.09861840348,5,0,0,1019.0749387,253.496680077,0.744934321725,34164.9973863,0.020114512859,0,1.06332698519,1,1.52,0.72,389.801336926,0,1018.97100563,258.500273328,0,5.29468874687,1,0,0,0,0,0,0,1018.97100563,258.554491432,3,1,1,1.5,388.5,0.6,1025.5,257,0.8,14,257.382283773,0.0544206563148,1500,0,900,0,0,0,1018.97100563,258.554491432,0.744934321725,34164.9973863,0.020114512859,0,1,0,0,0,0,0,0,0,4.97153573682,0,-20.5327592491,0,0,34181.3638732,1,0,0,0,0,0,0,1,0,0,0,1,0,0,0,1,0,0,0,0,0,0,0,0,19.6,220,0,0,119.6,0,0,0,20,25,18,0.08,0,0,0,0,0,-327.983974908,0,-0,0,0,0,34164.9973863,0.744934321725,6,6,6,-328.141093182,0,0,0,0,0,0,0,-9.80351701097,119.6,1500,0,900,0,0,0
1.54,6378137,0.00335281068118,1019.17495036,9.80351670357,1.06331221514,340.294,5,0,0,400.139153199,0,1019.17495036,258.390553417,0,4.90254806635,1,0,0,0,0,0,0,-2.74234092733,0,-9.80351670357,-2.74234092733,0,0,0,0,0,0,0,-9.80351670357,1019.17495036,258.437058242,5,28,3,0,2,0,0,1000,-2.74234092733,0,0,0,0,0,0,0,0,389.801336926,0,1018.97100563,258.500273328,0,5.29468874687,1,0,0,0,1.5,253.390553417,0,4.90254806635,5,0,0,1019.17495036,253.437975723,0.744761811031,34148.7011218,0.019345379701,0,1.06331221514,1,1.54,0.74,389.801336926,0,1018.97100563,258.500273328,0,5.29468874687,1,0,0,0,0,0,0,1018.97100563,258.554491432,3,1,1,1.5,388.5,0.6,1025.5,257,0.8,14,257.382283773,0.0544206563148,1500,0,900,0,0,0,1018.97100563,258.554491432,0.744761811031,34148.7011218,0.019345379701,0,1,0,0,0,0,0,0,0,4.97153573682,0,-20.5327592491,0,0,34181.3638732,1,0,0,0,0,0,0,1,0,0,0,1,0,0,0,1,0,0,0,0,0,0,0,0,19.6,220,0,0,119.6,0,0,0,20,25,18,0.08,0,0,0,0,0,-327.82753077,0,-0,0,0,0,34148.7011218,0.744761811031,6,6,6,-327.983974908,0,0,0,0,0,0,0,-9.80351670357,119.6,1500,0,900,0,0,0
1.56,6378137,0.00335281068118,1019.27104062,9.80351640823,1.0632980244,340.294,5,0,0,405.30641606,0,1019.27104062,258.33573276,0,4.70647773525,1,0,0,0,0,0,0,-2.74103286597,0,-9.80351640823,-2.74103286597,0,0,0,0,0,0,0,-9.80351640823,1019.27104062,258.378601577,5,28,3,0,2,0,0,1000,-2.74103286597,0,0,0,0,0,0,0,0,389.801336926,0,1018.97100563,258.500273328,0,5.29468874687,1,0,0,0,1.5,253.33573276,0,4.70647773525,5,0,0,1019.27104062,253.37944752,0.744589817981,34132.4750161,0.01857588871,0,1.0632980244,1,1.56,0.76,389.801336926,0,1018.97100563,258.500273328,0,5.29468874687,1,0,0,0,0,0,0,1018.97100563,258.554491432,3,1,1,1.5,388.5,0.6,1025.5,257,0.8,14,257.382283773,0.0544206563148,1500,0,900,0,0,0,1018.97100563,258.554491432,0.744589817981,34132.4750161,0.01857588871,0,1,0,0,0,0,0,0,0,4.97153573682,0,-20.5327592491,0,0,34181.3638732,1,0,0,0,0,0,0,1,0,0,0,1,0,0,0,1,0,0,0,0,0,0,0,0,19.6,220,0,0,119.6,0,0,0,20,25,18,0.08,0,0,0,0,0,-327.671760154,0,-0,0,0,0,34132.4750161,0.744589817981,6,6,6,-327.82753077,0,0,0,0,0,0,0,-9.80351640823,119.6,1500,0,900,0,0,0
1.58,6378137,0.00335281068118,1019.36320947,9.80351612494,1.06328441297,340.294,5,0,0,410.472582769,0,1019.36320947,258.280938151,0,4.51040740994,1,0,0,0,0,0,0,-2.73973043607,0,-9.80351612494,-2.73973043607,0,0,0,0,0,0,0,-9.80351612494,1019.36320947,258.320318185,5,28,3,0,2,0,0,1000,-2.73973043607,0,0,0,0,0,0,0,0,389.801336926,0,1018.97100563,258.500273328,0,5.29468874687,1,0,0,0,1.5,253.280938151,0,4.51040740994,5,0,0,1019.36320947,253.321095461,0.744418342554,34116.3190055,0.0178060407951,0,1.06328441297,1,1.58,0.78,389.801336926,0,1018.97100563,258.500273328,0,5.29468874687,1,0,0,0,0,0,0,1018.97100563,258.554491432,3,1,1,1.5,388.5,0.6,1025.5,257,0.8,14,257.382283773,0.0544206563148,1500,0,900,0,0,0,1018.97100563,258.554491432,0.744418342554,34116.3190055,0.0178060407951,0,1,0,0,0,0,0,0,0,4.97153573682,0,-20.5327592491,0,0,34181.3638732,1,0,0,0,0,0,0,1,0,0,0,1,0,0,0,1,0,0,0,0,0,0,0,0,19.6,220,0,0,119.6,0,0,0,20,25,18,0.08,0,0,0,0,0,-327.516662453,0,-0,0,0,0,34116.3190055,0.744418342554,6,6,6,-327.671760154,0,0,0,0,0,0,0,-9.80351612494,119.6,1500,0,900,0,0,0
1.6,6378137,0.00335281068118,1019.45145692,9.8035158537,1.06327138081,340.294,5,0,0,415.637653846,0,1019.45145692,258.226169478,0,4.31433709017,1,0,0,0,0,0,0,-2.73843363255,0,-9.8035158537,-2.73843363255,0,0,0,0,0,0,0,-9.8035158537,1019.45145692,258.262208052,5,28,3,0,2,0,0,1000,-2.73843363255,0,0,0,0,0,0,0,0,415.637653846,0,1019.45145692,258.226169478,0,4.31433709017,1,0,0,0,1.6,253.226169478,0,4.31433709017,5,0,0,1019.45145692,253.262919538,0.744247384728,34100.233027,0.0170358368663,0,1.06327138081,2,1.6,0,415.637653846,0,1019.45145692,258.226169478,0,4.31433709017,1,0,0,0,0,0,0,1019.45145692,258.262208052,3,1,1,1.5,388.5,0.6,1025.5,257,0.8,14,257.382283773,0.0544206563148,1500,0,900,0,0,0,1019.45145692,258.262208052,0.744247384728,34100.233027,0.0170358368663,0,2,0,0,0,0,0,0,0,4.96993623982,0,-20.5474794719,0,0,34100.233027,1,0,0,0,0,0,0,1,0,0,0,1,0,0,0,1,0,0,0,0,0,0,0,0,19.6,220,0,0,119.6,0,0,0,20,25,18,0.08,0,0,0,0,0,-327.362237059,0,-0,0,0,0,34100.233027,0.744247384728,6,6,6,-327.516662453,0,0,0,0,0,0,0,-9.8035158537,119.6,1500,0,900,0,0,0
1.62,6378137,0.00335281068118,1019.53578296,9.80351559452,1.0632589279,340.294,5,0,0,420.801629807,0,1019.53578296,258.171426629,0,4.11826677571,1,0,0,0,0,0,0,-2.73714245032,0,-9.80351559452,-2.73714245032,0,0,0,0,0,0,0,-9.80351559452,1019.53578296,258.204271167,5,28,3,0,2,0,0,1000,-2.73714245032,0,0,0,0,0,0,0,0,415.637653846,0,1019.45145692,258.226169478,0,4.31433709017,1,0,0,0,1.6,253.171426629,0,4.11826677571,5,0,0,1019.53578296,253.204919744,0.744076944478,34084.2170174,0.0162652778354,0,1.0632589279,2,1.62,0.02,415.637653846,0,1019.45145692,258.226169478,0,4.31433709017,1,0,0,0,0,0,0,1019.45145692,258.262208052,3,1,1,1.5,388.5,0.6,1025.5,257,0.8,14,257.382283773,0.0544206563148,1500,0,900,0,0,0,1019.45145692,258.262208052,0.744076944478,34084.2170174,0.0162652778354,0,2,0,0,0,0,0,0,0,4.96993623982,0,-20.5474794719,0,0,34100.233027,1,0,0,0,0,0,0,1,0,0,0,1,0,0,0,1,0,0,0,0,0,0,0,0,19.6,220,0,0,119.6,0,0,0,20,25,18,0.08,0,0,0,0,0,-327.208483367,0,-0,0,0,0,34084.2170174,0.744076944478,6,6,6,-327.362237059,0,0,0,0,0,0,0,-9.80351559452,119.6,1500,0,900,0,0,0
1.64,6378137,0.00335281068118,1019.61618759,9.80351534738,1.06324705423,340.294,5,0,0,425.964511168,0,1019.61618759,258.116709492,0,3.92219646631,1,0,0,0,0,0,0,-2.73585688434,0,-9.80351534738,-2.73585688434,0,0,0,0,0,0,0,-9.80351534738,1019.61618759,258.146507518,5,28,3,0,2,0,0,1000,-2.73585688434,0,0,0,0,0,0,0,0,415.637653846,0,1019.45145692,258.226169478,0,4.31433709017,1,0,0,0,1.6,253.116709492,0,3.92219646631,5,0,0,1019.61618759,253.147096071,0.743907021783,34068.2709141,0.0154943646153,0,1.06324705423,2,1.64,0.04,415.637653846,0,1019.45145692,258.226169478,0,4.31433709017,1,0,0,0,0,0,0,1019.45145692,258.262208052,3,1,1,1.5,388.5,0.6,1025.5,257,0.8,14,257.382283773,0.0544206563148,1500,0,900,0,0,0,1019.45145692,258.262208052,0.743907021783,34068.2709141,0.0154943646153,0,2,0,0,0,0,0,0,0,4.96993623982,0,-20.5474794719,0,0,34100.233027,1,0,0,0,0,0,0,1,0,0,0,1,0,0,0,1,0,0,0,0,0,0,0,0,19.6,220,0,0,119.6,0,0,0,20,25,18,0.08,0,0,0,0,0,-327.055400776,0,-0,0,0,0,34068.2709141,0.743907021783,6,6,6,-327.208483367,0,0,0,0,0,0,0,-9.80351534738,119.6,1500,0,900,0,0,0
1.66,6378137,0.00335281068118,1019.69267082,9.8035151123,1.06323575976,340.294,5,0,0,431.126298442,0,1019.69267082,258.062017953,0,3.72612616174,1,0,0,0,0,0,0,-2.73457692956,0,-9.8035151123,-2.73457692956,0,0,0,0,0,0,0,-9.8035151123,1019.69267082,258.088917093,5,28,3,0,2,0,0,1000,-2.73457692956,0,0,0,0,0,0,0,0,415.637653846,0,1019.45145692,258.226169478,0,4.31433709017,1,0,0,0,1.6,253.062017953,0,3.72612616174,5,0,0,1019.69267082,253.089448509,0.743737616617,34052.3946547,0.0147230981204,0,1.06323575976,2,1.66,0.06,415.637653846,0,1019.45145692,258.226169478,0,4.31433709017,1,0,0,0,0,0,0,1019.45145692,258.262208052,3,1,1,1.5,388.5,0.6,1025.5,257,0.8,14,257.382283773,0.0544206563148,1500,0,900,0,0,0,1019.45145692,258.262208052,0.743737616617,34052.3946547,0.0147230981204,0,2,0,0,0,0,0,0,0,4.96993623982,0,-20.5474794719,0,0,34100.233027,1,0,0,0,0,0,0,1,0,0,0,1,0,0,0,1,0,0,0,0,0,0,0,0,19.6,220,0,0,119.6,0,0,0,20,25,18,0.08,0,0,0,0,0,-326.902988685,0,-0,0,0,0,34052.3946547,0.743737616617,6,6,6,-327.055400776,0,0,0,0,0,0,0,-9.8035151123,119.6,1500,0,900,0,0,0
1.68,6378137,0.00335281068118,1019.76523264,9.80351488928,1.06322504449,340.294,5,0,0,436.286992141,0,1019.76523264,258.007351901,0,3.53005586174,1,0,0,0,0,0,0,-2.73330258098,0,-9.80351488928,-2.73330258098,0,0,0,0,0,0,0,-9.80351488928,1019.76523264,258.031499878,5,28,3,0,2,0,0,1000,-2.73330258098,0,0,0,0,0,0,0,0,415.637653846,0,1019.45145692,258.226169478,0,4.31433709017,1,0,0,0,1.6,253.007351901,0,3.53005586174,5,0,0,1019.76523264,253.031977051,0.743568728956,34036.588177,0.0139514792664,0,1.06322504449,2,1.68,0.08,415.637653846,0,1019.45145692,258.226169478,0,4.31433709017,1,0,0,0,0,0,0,1019.45145692,258.262208052,3,1,1,1.5,388.5,0.6,1025.5,257,0.8,14,257.382283773,0.0544206563148,1500,0,900,0,0,0,1019.45145692,258.262208052,0.743568728956,34036.588177,0.0139514792664,0,2,0,0,0,0,0,0,0,4.96993623982,0,-20.5474794719,0,0,34100.233027,1,0,0,0,0,0,0,1,0,0,0,1,0,0,0,1,0,0,0,0,0,0,0,0,19.6,220,0,0,119.6,0,0,0,20,25,18,0.08,0,0,0,0,0,-326.751246499,0,-0,0,0,0,34036.588177,0.743568728956,6,6,6,-326.902988685,0,0,0,0,0,0,0,-9.80351488928,119.6,1500,0,900,0,0,0
1.7,6378137,0.00335281068118,1019.83387305,9.8035146783,1.0632149084,340.294,5,0,0,441.446592772,0,1019.83387305,257.952711225,0,3.33398556609,1,0,0,0,0,0,0,-2.7320338336,0,-9.8035146783,-2.7320338336,0,0,0,0,0,0,0,-9.8035146783,1019.83387305,257.974255863,5,28,3,0,2,0,0,1000,-2.7320338336,0,0,0,0,0,0,0,0,441.446592772,0,1019.83387305,257.952711225,0,3.33398556609,1,0,0,0,1.7,252.952711225,0,3.33398556609,5,0,0,1019.83387305,252.974681689,0.743400358775,34020.8514189,0.0131795089705,0,1.0632149084,2,1.7,0.1,441.446592772,0,1019.83387305,257.952711225,0,3.33398556609,1,0,0,0,0,0,0,1019.83387305,257.974255863,3,1,1,1.5,388.5,0.6,1025.5,257,0.8,14,257.382283773,0.0544206563148,1500,0,900,0,0,0,1019.83387305,257.974255863,0.743400358775,34020.8514189,0.0131795089705,0,2,0,0,0,0,0,0,0,4.96826608055,0,-20.562434132,0,0,34020.8514189,1,0,0,0,0,0,0,1,0,0,0,1,0,0,0,1,0,0,0,0,0,0,0,0,19.6,220,0,0,119.6,0,0,0,20,25,18,0.08,0,0,0,0,0,-326.600173621,0,-0,0,0,0,34020.8514189,0.743400358775,6,6,6,-326.751246499,0,0,0,0,0,0,0,-9.8035146783,119.6,1500,0,900,0,0,0
1.72,6378137,0.00335281068118,1019.89859206,9.80351447938,1.06320535147,340.294,5,0,0,446.605100843,0,1019.89859206,257.898095811,0,3.13791527453,1,0,0,0,0,0,0,-2.73077068245,0,-9.80351447938,-2.73077068245,0,0,0,0,0,0,0,-9.80351447938,1019.89859206,257.917185033,5,28,3,0,2,0,0,1000,-2.73077068245,0,0,0,0,0,0,0,0,441.446592772,0,1019.83387305,257.952711225,0,3.33398556609,1,0,0,0,1.7,252.898095811,0,3.13791527453,5,0,0,1019.89859206,252.917562413,0.743232506049,34005.1843188,0.0124071881509,0,1.06320535147,2,1.72,0.12,441.446592772,0,1019.83387305,257.952711225,0,3.33398556609,1,0,0,0,0,0,0,1019.83387305,257.974255863,3,1,1,1.5,388.5,0.6,1025.5,257,0.8,14,257.382283773,0.0544206563148,1500,0,900,0,0,0,1019.83387305,257.974255863,0.743232506049,34005.1843188,0.0124071881509,0,2,0,0,0,0,0,0,0,4.96826608055,0,-20.562434132,0,0,34020.8514189,1,0,0,0,0,0,0,1,0,0,0,1,0,0,0,1,0,0,0,0,0,0,0,0,19.6,220,0,0,119.6,0,0,0,20,25,18,0.08,0,0,0,0,0,-326.449769461,0,-0,0,0,0,34005.1843188,0.743232506049,6,6,6,-326.600173621,0,0,0,0,0,0,0,-9.80351447938,119.6,1500,0,900,0,0,0
1.74,6378137,0.00335281068118,1019.95938966,9.80351429252,1.06319637368,340.294,5,0,0,451.762516856,0,1019.95938966,257.843505549,0,2.94184498683,1,0,0,0,0,0,0,-2.72951312258,0,-9.80351429252,-2.72951312258,0,0,0,0,0,0,0,-9.80351429252,1019.95938966,257.860287376,5,28,3,0,2,0,0,1000,-2.72951312258,0,0,0,0,0,0,0,0,441.446592772,0,1019.83387305,257.952711225,0,3.33398556609,1,0,0,0,1.7,252.843505549,0,2.94184498683,5,0,0,1019.95938966,252.860619215,0.743065170751,33989.5868153,0.0116345177276,0,1.06319637368,2,1.74,0.14,441.446592772,0,1019.83387305,257.952711225,0,3.33398556609,1,0,0,0,0,0,0,1019.83387305,257.974255863,3,1,1,1.5,388.5,0.6,1025.5,257,0.8,14,257.382283773,0.0544206563148,1500,0,900,0,0,0,1019.83387305,257.974255863,0.743065170751,33989.5868153,0.0116345177276,0,2,0,0,0,0,0,0,0,4.96826608055,0,-20.562434132,0,0,34020.8514189,1,0,0,0,0,0,0,1,0,0,0,1,0,0,0,1,0,0,0,0,0,0,0,0,19.6,220,0,0,119.6,0,0,0,20,25,18,0.08,0,0,0,0,0,-326.300033427,0,-0,0,0,0,33989.5868153,0.743065170751,6,6,6,-326.449769461,0,0,0,0,0,0,0,-9.80351429252,119.6,1500,0,900,0,0,0
1.76,6378137,0.00335281068118,1020.01626586,9.8035141177,1.06318797503,340.294,5,0,0,456.918841315,0,1020.01626586,257.788940326,0,2.74577470275,1,0,0,0,0,0,0,-2.72826114906,0,-9.8035141177,-2.72826114906,0,0,0,0,0,0,0,-9.8035141177,1020.01626586,257.803562879,5,28,3,0,2,0,0,1000,-2.72826114906,0,0,0,0,0,0,0,0,441.446592772,0,1019.83387305,257.952711225,0,3.33398556609,1,0,0,0,1.7,252.788940326,0,2.74577470275,5,0,0,1020.01626586,252.803852086,0.742898352854,33974.0588472,0.0108614986216,0,1.06318797503,2,1.76,0.16,441.446592772,0,1019.83387305,257.952711225,0,3.33398556609,1,0,0,0,0,0,0,1019.83387305,257.974255863,3,1,1,1.5,388.5,0.6,1025.5,257,0.8,14,257.382283773,0.0544206563148,1500,0,900,0,0,0,1019.83387305,257.974255863,0.742898352854,33974.0588472,0.0108614986216,0,2,0,0,0,0,0,0,0,4.96826608055,0,-20.562434132,0,0,34020.8514189,1,0,0,0,0,0,0,1,0,0,0,1,0,0,0,1,0,0,0,0,0,0,0,0,19.6,220,0,0,119.6,0,0,0,20,25,18,0.08,0,0,0,0,0,-326.150964933,0,-0,0,0,0,33974.0588472,0.742898352854,6,6,6,-326.300033427,0,0,0,0,0,0,0,-9.8035141177,119.6,1500,0,900,0,0,0
1.78,6378137,0.00335281068118,1020.06922065,9.80351395494,1.06318015549,340.294,5,0,0,462.074074719,0,1020.06922065,257.73440003,0,2.54970442204,1,0,0,0,0,0,0,-2.72701475697,0,-9.80351395494,-2.72701475697,0,0,0,0,0,0,0,-9.80351395494,1020.06922065,257.747011528,5,28,3,0,2,0,0,1000,-2.72701475697,0,0,0,0,0,0,0,0,441.446592772,0,1019.83387305,257.952711225,0,3.33398556609,1,0,0,0,1.7,252.73440003,0,2.54970442204,5,0,0,1020.06922065,252.747261017,0.742732052333,33958.6003535,0.0100881317554,0,1.06318015549,2,1.78,0.18,441.446592772,0,1019.83387305,257.952711225,0,3.33398556609,1,0,0,0,0,0,0,1019.83387305,257.974255863,3,1,1,1.5,388.5,0.6,1025.5,257,0.8,14,257.382283773,0.0544206563148,1500,0,900,0,0,0,1019.83387305,257.974255863,0.742732052333,33958.6003535,0.0100881317554,0,2,0,0,0,0,0,0,0,4.96826608055,0,-20.562434132,0,0,34020.8514189,1,0,0,0,0,0,0,1,0,0,0,1,0,0,0,1,0,0,0,0,0,0,0,0,19.6,220,0,0,119.6,0,0,0,20,25,18,0.08,0,0,0,0,0,-326.002563394,0,-0,0,0,0,33958.6003535,0.742732052333,6,6,6,-326.150964933,0,0,0,0,0,0,0,-9.80351395494,119.6,1500,0,900,0,0,0
1.8,6378137,0.00335281068118,1020.11825403,9.80351380423,1.06317291505,340.294,5,0,0,467.228217564,0,1020.11825403,257.679884552,0,2.35363414447,1,0,0,0,0,0,0,-2.72577394142,0,-9.80351380423,-2.72577394142,0,0,0,0,0,0,0,-9.80351380423,1020.11825403,257.690633311,5,28,3,0,2,0,0,1000,-2.72577394142,0,0,0,0,0,0,0,0,467.228217564,0,1020.11825403,257.679884552,0,2.35363414447,1,0,0,0,1.8,252.679884552,0,2.35363414447,5,0,0,1020.11825403,252.690845997,0.742566269159,33943.2112736,0.00931441805279,0,1.06317291505,2,1.8,0.2,467.228217564,0,1020.11825403,257.679884552,0,2.35363414447,1,0,0,0,0,0,0,1020.11825403,257.690633311,3,1,1,1.5,388.5,0.6,1025.5,257,0.8,14,257.382283773,0.0544206563148,1500,0,900,0,0,0,1020.11825403,257.690633311,0.742566269159,33943.2112736,0.00931441805279,0,2,0,0,0,0,0,0,0,4.96652116915,0,-20.577639573,0,0,33943.2112736,1,0,0,0,0,0,0,1,0,0,0,1,0,0,0,1,0,0,0,0,0,0,0,0,19.6,220,0,0,119.6,0,0,0,20,25,18,0.08,0,0,0,0,0,-325.854828227,0,-0,0,0,0,33943.2112736,0.742566269159,6,6,6,-326.002563394,0,0,0,0,0,0,0,-9.80351380423,119.6,1500,0,900,0,0,0
1.82,6378137,0.00335281068118,1020.16336601,9.80351366557,1.06316625371,340.294,5,0,0,472.381270348,0,1020.16336601,257.625393778,0,2.15756386979,1,0,0,0,0,0,0,-2.72453869755,0,-9.80351366557,-2.72453869755,0,0,0,0,0,0,0,-9.80351366557,1020.16336601,257.634428214,5,28,3,0,2,0,0,1000,-2.72453869755,0,0,0,0,0,0,0,0,467.228217564,0,1020.11825403,257.679884552,0,2.35363414447,1,0,0,0,1.8,252.625393778,0,2.15756386979,5,0,0,1020.16336601,252.634607018,0.742401003303,33927.8915471,0.0085403584388,0,1.06316625371,2,1.82,0.22,467.228217564,0,1020.11825403,257.679884552,0,2.35363414447,1,0,0,0,0,0,0,1020.11825403,257.690633311,3,1,1,1.5,388.5,0.6,1025.5,257,0.8,14,257.382283773,0.0544206563148,1500,0,900,0,0,0,1020.11825403,257.690633311,0.742401003303,33927.8915471,0.0085403584388,0,2,0,0,0,0,0,0,0,4.96652116915,0,-20.577639573,0,0,33943.2112736,1,0,0,0,0,0,0,1,0,0,0,1,0,0,0,1,0,0,0,0,0,0,0,0,19.6,220,0,0,119.6,0,0,0,20,25,18,0.08,0,0,0,0,0,-325.707758852,0,-0,0,0,0,33927.8915471,0.742401003303,6,6,6,-325.854828227,0,0,0,0,0,0,0,-9.80351366557,119.6,1500,0,900,0,0,0
1.84,6378137,0.00335281068118,1020.20455659,9.80351353897,1.06316017144,340.294,5,0,0,477.533233561,0,1020.20455659,257.570927597,0,1.96149359777,1,0,0,0,0,0,0,-2.7233090205,0,-9.80351353897,-2.7233090205,0,0,0,0,0,0,0,-9.80351353897,1020.20455659,257.578396222,5,28,3,0,2,0,0,1000,-2.7233090205,0,0,0,0,0,0,0,0,467.228217564,0,1020.11825403,257.679884552,0,2.35363414447,1,0,0,0,1.8,252.570927597,0,1.96149359777,5,0,0,1020.20455659,252.57854407,0.742236254738,33912.6411136,0.00776595383991,0,1.06316017144,2,1.84,0.24,467.228217564,0,1020.11825403,257.679884552,0,2.35363414447,1,0,0,0,0,0,0,1020.11825403,257.690633311,3,1,1,1.5,388.5,0.6,1025.5,257,0.8,14,257.382283773,0.0544206563148,1500,0,900,0,0,0,1020.11825403,257.690633311,0.742236254738,33912.6411136,0.00776595383991,0,2,0,0,0,0,0,0,0,4.96652116915,0,-20.577639573,0,0,33943.2112736,1,0,0,0,0,0,0,1,0,0,0,1,0,0,0,1,0,0,0,0,0,0,0,0,19.6,220,0,0,119.6,0,0,0,20,25,18,0.08,0,0,0,0,0,-325.561354691,0,-0,0,0,0,33912.6411136,0.742236254738,6,6,6,-325.707758852,0,0,0,0,0,0,0,-9.80351353897,119.6,1500,0,900,0,0,0
1.86,6378137,0.00335281068118,1020.24182576,9.80351342442,1.06315466825,340.294,5,0,0,482.684107696,0,1020.24182576,257.516485899,0,1.76542332815,1,0,0,0,0,0,0,-2.72208490544,0,-9.80351342442,-2.72208490544,0,0,0,0,0,0,0,-9.80351342442,1020.24182576,257.522537323,5,28,3,0,2,0,0,1000,-2.72208490544,0,0,0,0,0,0,0,0,467.228217564,0,1020.11825403,257.679884552,0,2.35363414447,1,0,0,0,1.8,252.516485899,0,1.76542332815,5,0,0,1020.24182576,252.522657143,0.742072023435,33897.4599135,0.00699120518384,0,1.06315466825,2,1.86,0.26,467.228217564,0,1020.11825403,257.679884552,0,2.35363414447,1,0,0,0,0,0,0,1020.11825403,257.690633311,3,1,1,1.5,388.5,0.6,1025.5,257,0.8,14,257.382283773,0.0544206563148,1500,0,900,0,0,0,1020.11825403,257.690633311,0.742072023435,33897.4599135,0.00699120518384,0,2,0,0,0,0,0,0,0,4.96652116915,0,-20.577639573,0,0,33943.2112736,1,0,0,0,0,0,0,1,0,0,0,1,0,0,0,1,0,0,0,0,0,0,0,0,19.6,220,0,0,119.6,0,0,0,20,25,18,0.08,0,0,0,0,0,-325.415615169,0,-0,0,0,0,33897.4599135,0.742072023435,6,6,6,-325.561354691,0,0,0,0,0,0,0,-9.80351342442,119.6,1500,0,900,0,0,0
1.88,6378137,0.00335281068118,1020.27517352,9.80351332192,1.06314974412,340.294,5,0,0,487.833893241,0,1020.27517352,257.462068572,0,1.56935306071,1,0,0,0,0,0,0,-2.72086634757,0,-9.80351332192,-2.72086634757,0,0,0,0,0,0,0,-9.80351332192,1020.27517352,257.466851502,5,28,3,0,2,0,0,1000,-2.72086634757,0,0,0,0,0,0,0,0,467.228217564,0,1020.11825403,257.679884552,0,2.35363414447,1,0,0,0,1.8,252.462068572,0,1.56935306071,5,0,0,1020.27517352,252.466946226,0.741908309362,33882.3478868,0.00621611339965,0,1.06314974412,2,1.88,0.28,467.228217564,0,1020.11825403,257.679884552,0,2.35363414447,1,0,0,0,0,0,0,1020.11825403,257.690633311,3,1,1,1.5,388.5,0.6,1025.5,257,0.8,14,257.382283773,0.0544206563148,1500,0,900,0,0,0,1020.11825403,257.690633311,0.741908309362,33882.3478868,0.00621611339965,0,2,0,0,0,0,0,0,0,4.96652116915,0,-20.577639573,0,0,33943.2112736,1,0,0,0,0,0,0,1,0,0,0,1,0,0,0,1,0,0,0,0,0,0,0,0,19.6,220,0,0,119.6,0,0,0,20,25,18,0.08,0,0,0,0,0,-325.270539714,0,-0,0,0,0,33882.3478868,0.741908309362,6,6,6,-325.415615169,0,0,0,0,0,0,0,-9.80351332192,119.6,1500,0,900,0,0,0
1.9,6378137,0.00335281068118,1020.30459988,9.80351323147,1.06314539904,340.294,5,0,0,492.982590682,0,1020.30459988,257.407675505,0,1.3732827952,1,0,0,0,0,0,0,-2.71965334209,0,-9.80351323147,-2.71965334209,0,0,0,0,0,0,0,-9.80351323147,1020.30459988,257.411338745,5,28,3,0,2,0,0,1000,-2.71965334209,0,0,0,0,0,0,0,0,492.982590682,0,1020.30459988,257.407675505,0,1.3732827952,1,0,0,0,1.9,252.407675505,0,1.3732827952,5,0,0,1020.30459988,252.41141131,0.741745112492,33867.3049743,0.0054406794177,0,1.06314539904,2,1.9,0.3,492.982590682,0,1020.30459988,257.407675505,0,1.3732827952,1,0,0,0,0,0,0,1020.30459988,257.411338745,3,1,1,1.5,388.5,0.6,1025.5,257,0.8,14,257.382283773,0.0544206563148,1500,0,900,0,0,0,1020.30459988,257.411338745,0.741745112492,33867.3049743,0.0054406794177,0,2,0,0,0,0,0,0,0,4.96469697628,0,-20.5931137612,0,0,33867.3049743,1,0,0,0,0,0,0,1,0,0,0,1,0,0,0,1,0,0,0,0,0,0,0,0,19.6,220,0,0,119.6,0,0,0,20,25,18,0.08,0,0,0,0,0,-325.126127754,0,-0,0,0,0,33867.3049743,0.741745112492,6,6,6,-325.270539714,0,0,0,0,0,0,0,-9.80351323147,119.6,1500,0,900,0,0,0
1.92,6378137,0.00335281068118,1020.33010483,9.80351315308,1.06314163301,340.294,5,0,0,498.130200503,0,1020.33010483,257.353306588,0,1.17721253137,1,0,0,0,0,0,0,-2.71844588423,0,-9.80351315308,-2.71844588423,0,0,0,0,0,0,0,-9.80351315308,1020.33010483,257.355999038,5,28,3,0,2,0,0,1000,-2.71844588423,0,0,0,0,0,0,0,0,492.982590682,0,1020.30459988,257.407675505,0,1.3732827952,1,0,0,0,1.9,252.353306588,0,1.17721253137,5,0,0,1020.33010483,252.356052384,0.741582432792,33852.3311168,0.00466490416963,0,1.06314163301,2,1.92,0.32,492.982590682,0,1020.30459988,257.407675505,0,1.3732827952,1,0,0,0,0,0,0,1020.30459988,257.411338745,3,1,1,1.5,388.5,0.6,1025.5,257,0.8,14,257.382283773,0.0544206563148,1500,0,900,0,0,0,1020.30459988,257.411338745,0.741582432792,33852.3311168,0.00466490416963,0,2,0,0,0,0,0,0,0,4.96469697628,0,-20.5931137612,0,0,33867.3049743,1,0,0,0,0,0,0,1,0,0,0,1,0,0,0,1,0,0,0,0,0,0,0,0,19.6,220,0,0,119.6,0,0,0,20,25,18,0.08,0,0,0,0,0,-324.982378721,0,-0,0,0,0,33852.3311168,0.741582432792,6,6,6,-325.126127754,0,0,0,0,0,0,0,-9.80351315308,119.6,1500,0,900,0,0,0
1.94,6378137,0.00335281068118,1020.35168838,9.80351308674,1.06313844602,340.294,5,0,0,503.276723186,0,1020.35168838,257.298961708,0,0.981142268992,1,0,0,0,0,0,0,-2.71724396924,0,-9.80351308674,-2.71724396924,0,0,0,0,0,0,0,-9.80351308674,1020.35168838,257.300832366,5,28,3,0,2,0,0,1000,-2.71724396924,0,0,0,0,0,0,0,0,492.982590682,0,1020.30459988,257.407675505,0,1.3732827952,1,0,0,0,1.9,252.298961708,0,0.981142268992,5,0,0,1020.35168838,252.300869438,0.741420270231,33837.4262553,0.00388878858839,0,1.06313844602,2,1.94,0.34,492.982590682,0,1020.30459988,257.407675505,0,1.3732827952,1,0,0,0,0,0,0,1020.30459988,257.411338745,3,1,1,1.5,388.5,0.6,1025.5,257,0.8,14,257.382283773,0.0544206563148,1500,0,900,0,0,0,1020.30459988,257.411338745,0.741420270231,33837.4262553,0.00388878858839,0,2,0,0,0,0,0,0,0,4.96469697628,0,-20.5931137612,0,0,33867.3049743,1,0,0,0,0,0,0,1,0,0,0,1,0,0,0,1,0,0,0,0,0,0,0,0,19.6,220,0,0,119.6,0,0,0,20,25,18,0.08,0,0,0,0,0,-324.839292051,0,-0,0,0,0,33837.4262553,0.741420270231,6,6,6,-324.982378721,0,0,0,0,0,0,0,-9.80351308674,119.6,1500,0,900,0,0,0
1.96,6378137,0.00335281068118,1020.36935052,9.80351303246,1.06313583806,340.294,5,0,0,508.42215921,0,1020.36935052,257.244640756,0,0.78507200782,1,0,0,0,0,0,0,-2.7160475924,0,-9.80351303246,-2.7160475924,0,0,0,0,0,0,0,-9.80351303246,1020.36935052,257.245838715,5,28,3,0,2,0,0,1000,-2.7160475924,0,0,0,0,0,0,0,0,492.982590682,0,1020.30459988,257.407675505,0,1.3732827952,1,0,0,0,1.9,252.244640756,0,0.78507200782,5,0,0,1020.36935052,252.24586246,0.741258624779,33822.5903311,0.00311233360822,0,1.06313583806,2,1.96,0.36,492.982590682,0,1020.30459988,257.407675505,0,1.3732827952,1,0,0,0,0,0,0,1020.30459988,257.411338745,3,1,1,1.5,388.5,0.6,1025.5,257,0.8,14,257.382283773,0.0544206563148,1500,0,900,0,0,0,1020.30459988,257.411338745,0.741258624779,33822.5903311,0.00311233360822,0,2,0,0,0,0,0,0,0,4.96469697628,0,-20.5931137612,0,0,33867.3049743,1,0,0,0,0,0,0,1,0,0,0,1,0,0,0,1,0,0,0,0,0,0,0,0,19.6,220,0,0,119.6,0,0,0,20,25,18,0.08,0,0,0,0,0,-324.696867178,0,-0,0,0,0,33822.5903311,0.741258624779,6,6,6,-324.839292051,0,0,0,0,0,0,0,-9.80351303246,119.6,1500,0,900,0,0,0
1.98,6378137,0.00335281068118,1020.38309126,9.80351299022,1.06313380914,340.294,5,0,0,513.566509054,0,1020.38309126,257.190343621,0,0.589001747613,1,0,0,0,0,0,0,-2.71485674898,0,-9.80351299022,-2.71485674898,0,0,0,0,0,0,0,-9.80351299022,1020.38309126,257.191018069,5,28,3,0,2,0,0,1000,-2.71485674898,0,0,0,0,0,0,0,0,492.982590682,0,1020.30459988,257.407675505,0,1.3732827952,1,0,0,0,1.9,252.190343621,0,0.589001747613,5,0,0,1020.38309126,252.19103144,0.741097496401,33807.8232858,0.00233554016463,0,1.06313380914,2,1.98,0.38,492.982590682,0,1020.30459988,257.407675505,0,1.3732827952,1,0,0,0,0,0,0,1020.30459988,257.411338745,3,1,1,1.5,388.5,0.6,1025.5,257,0.8,14,257.382283773,0.0544206563148,1500,0,900,0,0,0,1020.30459988,257.411338745,0.741097496401,33807.8232858,0.00233554016463,0,2,0,0,0,0,0,0,0,4.96469697628,0,-20.5931137612,0,0,33867.3049743,1,0,0,0,0,0,0,1,0,0,0,1,0,0,0,1,0,0,0,0,0,0,0,0,19.6,220,0,0,119.6,0,0,0,20,25,18,0.08,0,0,0,0,0,-324.555103544,0,-0,0,0,0,33807.8232858,0.741097496401,6,6,6,-324.696867178,0,0,0,0,0,0,0,-9.80351299022,119.6,1500,0,900,0,0,0
2,6378137,0.00335281068118,1020.39291059,9.80351296004,1.06313235924,340.294,5,0,0,518.709773192,0,1020.39291059,257.136070193,0,0.39293148813,1,0,0,0,0,0,0,-2.71367143431,0,-9.80351296004,-2.71367143431,0,0,0,0,0,0,0,-9.80351296004,1020.39291059,257.136370413,5,28,3,0,2,0,0,1000,-2.71367143431,0,0,0,0,0,0,0,0,518.709773192,0,1020.39291059,257.136070193,0,0.39293148813,1,0,0,0,2,252.136070193,0,0.39293148813,5,0,0,1020.39291059,252.136376367,0.740936885067,33793.1250613,0.00155840919442,0,1.06313235924,2,2,0.4,518.709773192,0,1020.39291059,257.136070193,0,0.39293148813,1,0,0,0,0,0,0,1020.39291059,257.136370413,4,2,2,2,516.5,1.1,1032,255,1,12,255.284155403,0.0470237707947,1500,0,900,0,0,0,1020.39291059,257.136370413,0.740936885067,33793.1250613,0.00155840919442,0,2,0,0,0,0,0,0,0,4.96278847223,0,-20.6088764899,0,0,33793.1250613,1,0,0,0,0,0,0,1,0,0,0,1,0,0,0,1,0,0,0,0,0,0,0,0,19.6,220,0,0,119.6,0,0,0,20,25,18,0.08,0,0,0,0,0,-324.414000588,0,-0,0,0,0,33793.1250613,0.740936885067,6,6,6,-324.555103544,0,0,0,0,0,0,0,-9.80351296004,119.6,1500,0,900,0,0,0
